Workbook

Sheet Dados
A1: ID | B1: Sexo: | C1: Idade (anos): | D1: Peso (kg): | E1: Altura (m): | F1: Curso: | G1: Período: | H1: Turno de estudo: | I1: Faz alguma atividade extraclasse. se sim qual (is)? | J1: Se escolheu 'Outros' na questão de número 8. especifique aqui: | K1: Cidade/procedência: | L1: Estado: | M1: Com quem mora: | N1: Se escolheu 'Outros' na questão de número 12. especifique aqui: | O1: Pais participam da vida escolar? | P1: 1- Com que frequência você usa seu celular na vida diária? | Q1: Pontos 1 | R1: 2- Quantas vezes você não pode sair sem levar o celular? | S1: Pontos 2 | T1: 3- Com que frequência você volta se esquecer de levar o celular? | U1: Pontos 3 | V1: 4- Com que frequência você acessa a internet no celular? | W1: Pontos – 4 | X1: 5- Quantas vezes você se sente ansioso quando percebe que está sem o celular? | Y1: Pontos 5 | Z1: 6- Quantas vezes você se sente triste ou deprimido quando é desconectado da Internet ou das redes sociais através do seu celular? | AA1: Pontos 6 | AB1: 7- Quantas vezes você se sente nervoso por não ter o celular com você para se comunicar? | AC1: Pontos 7 | AD1: 8- Quantas vezes você tem medo de sair sem o celular e se sentir doente na rua sem os meios para pedir ajuda imediata ou fazer contato com alguém em quem confia? | AE1: Pontos 8 | AF1: 9- Com que frequência você mantém o celular à mão? | AG1: Pontos 9 | AH1: 10- Com que frequência você mantém o celular ligado 24 horas por dia? | AI1: Pontos 10 | AJ1: 11- Com que frequência você dorme com o celular ligado? | AK1: Pontos 11 | AL1: 12- Com que frequência você acessa o celular mais de 30 vezes por dia para visualizar mensagens. e-mails etc.? | AM1: Pontos 12 | AN1: 13- Com que frequência você se mantém conectado ao celular quando está com amigos ou família? | AO1: Pontos 13 | AP1: 14- Com que frequência você se sente sozinho se não participa de redes sociais ou quando não está em grupo enquanto outros estão? | AQ1: Pontos 14 | AR1: 15- Quantas vezes você mantém na agenda do celular o número de um médico. psicólogo ou hospital por medo de se sentir mal na rua? | AS1: Pontos 15 | AT1: 16- Com que frequência você toca no celular? | AU1: Pontos 16 | AV1: Pontuação final | AW1: Classificação
A2: 2 | B2: Masculino | C2: 18 | D2: 73 | E2: 1.84 | F2: Engenharia de Computação | G2: P3 | H2: Integral | I2: Iniciação Científica ; | K2: Três Corações | L2: Minas Gerais | M2: Amigos/colegas | O2: Às vezes | P2: Sempre | Q2: 2 | R2: Sempre | S2: 2 | T2: Nunca / Raramente | U2: 0 | V2: Sempre | W2: 2 | X2: Nunca / Raramente | Y2: 0 | Z2: Nunca / Raramente | AA2: 0 | AB2: Nunca / Raramente | AC2: 0 | AD2: Frequentemente | AE2: 1 | AF2: Frequentemente | AG2: 1 | AH2: Sempre | AI2: 2 | AJ2: Sempre | AK2: 2 | AL2: Sempre | AM2: 2 | AN2: Frequentemente | AO2: 1 | AP2: Nunca / Raramente | AQ2: 0 | AR2: Frequentemente | AS2: 1 | AT2: Sempre | AU2: 2 | AV2: =SUM(Q2,S2,U2,W2,Y2,AA2,AC2,AE2,AG2,AI2,AK2,AM2,AO2,AQ2,AS2,AU2) -> 18 | AW2: =IF(Table1[[#This Row],[Pontuação final]]<=2,"Nenhum", IF(Table1[[#This Row],[Pontuação final]]<=12,"Leve", IF(Table1[[#This Row],[Pontuação final]]<=22,"Moderado", "Grave"))) -> Moderado
A3: 3 | B3: Masculino | C3: 18 | D3: 75 | E3: 1.75 | F3: Engenharia de Software | G3: P3 | H3: Integral | I3: Outros; | K3: Pouso Alegre | L3: Minas Gerais | M3: Familiares | O3: Sempre | P3: Sempre | Q3: 2 | R3: Nunca / Raramente | S3: 0 | T3: Nunca / Raramente | U3: 0 | V3: Sempre | W3: 2 | X3: Nunca / Raramente | Y3: 0 | Z3: Frequentemente | AA3: 1 | AB3: Sempre | AC3: 2 | AD3: Nunca / Raramente | AE3: 0 | AF3: Frequentemente | AG3: 1 | AH3: Frequentemente | AI3: 1 | AJ3: Frequentemente | AK3: 1 | AL3: Sempre | AM3: 2 | AN3: Frequentemente | AO3: 1 | AP3: Frequentemente | AQ3: 1 | AR3: Sempre | AS3: 2 | AT3: Sempre | AU3: 2 | AV3: =SUM(Q3,S3,U3,W3,Y3,AA3,AC3,AE3,AG3,AI3,AK3,AM3,AO3,AQ3,AS3,AU3) -> 18 | AW3: =IF(Table1[[#This Row],[Pontuação final]]<=2,"Nenhum", IF(Table1[[#This Row],[Pontuação final]]<=12,"Leve", IF(Table1[[#This Row],[Pontuação final]]<=22,"Moderado", "Grave"))) -> Moderado
A4: 4 | B4: Feminino | C4: 22 | D4: 67 | E4: 1.73 | F4: Engenharia de Software | G4: P9 | H4: Noturno | I4: Monitoria ;Estágio ; | K4: Santa Rita do Sapucaí | L4: Minas Gerais | M4: Familiares | O4: Às vezes | P4: Sempre | Q4: 2 | R4: Nunca / Raramente | S4: 0 | T4: Nunca / Raramente | U4: 0 | V4: Sempre | W4: 2 | X4: Nunca / Raramente | Y4: 0 | Z4: Nunca / Raramente | AA4: 0 | AB4: Frequentemente | AC4: 1 | AD4: Frequentemente | AE4: 1 | AF4: Frequentemente | AG4: 1 | AH4: Sempre | AI4: 2 | AJ4: Sempre | AK4: 2 | AL4: Nunca / Raramente | AM4: 0 | AN4: Frequentemente | AO4: 1 | AP4: Nunca / Raramente | AQ4: 0 | AR4: Frequentemente | AS4: 1 | AT4: Nunca / Raramente | AU4: 0 | AV4: =SUM(Q4,S4,U4,W4,Y4,AA4,AC4,AE4,AG4,AI4,AK4,AM4,AO4,AQ4,AS4,AU4) -> 13 | AW4: =IF(Table1[[#This Row],[Pontuação final]]<=2,"Nenhum", IF(Table1[[#This Row],[Pontuação final]]<=12,"Leve", IF(Table1[[#This Row],[Pontuação final]]<=22,"Moderado", "Grave"))) -> Moderado
A5: 5 | B5: Masculino | C5: 20 | D5: 85 | E5: 1.82 | F5: Engenharia de Computação | G5: P6 | H5: Integral | I5: Trabalho ; | K5: Atibaia | L5: São Paulo | M5: Sozinho | O5: Às vezes | P5: Frequentemente | Q5: 1 | R5: Nunca / Raramente | S5: 0 | T5: Nunca / Raramente | U5: 0 | V5: Frequentemente | W5: 1 | X5: Nunca / Raramente | Y5: 0 | Z5: Nunca / Raramente | AA5: 0 | AB5: Nunca / Raramente | AC5: 0 | AD5: Nunca / Raramente | AE5: 0 | AF5: Frequentemente | AG5: 1 | AH5: Nunca / Raramente | AI5: 0 | AJ5: Nunca / Raramente | AK5: 0 | AL5: Frequentemente | AM5: 1 | AN5: Nunca / Raramente | AO5: 0 | AP5: Nunca / Raramente | AQ5: 0 | AR5: Nunca / Raramente | AS5: 0 | AT5: Frequentemente | AU5: 1 | AV5: =SUM(Q5,S5,U5,W5,Y5,AA5,AC5,AE5,AG5,AI5,AK5,AM5,AO5,AQ5,AS5,AU5) -> 5 | AW5: =IF(Table1[[#This Row],[Pontuação final]]<=2,"Nenhum", IF(Table1[[#This Row],[Pontuação final]]<=12,"Leve", IF(Table1[[#This Row],[Pontuação final]]<=22,"Moderado", "Grave"))) -> Leve
A6: 6 | B6: Masculino | C6: 19 | D6: 64 | E6: 1.9 | F6: Engenharia de Telecomunicações | G6: P5 | H6: Integral | I6: Iniciação Científica ; | K6: Lambari | L6: Minas Gerais | M6: Sozinho | O6: Sempre | P6: Sempre | Q6: 2 | R6: Nunca / Raramente | S6: 0 | T6: Nunca / Raramente | U6: 0 | V6: Sempre | W6: 2 | X6: Nunca / Raramente | Y6: 0 | Z6: Nunca / Raramente | AA6: 0 | AB6: Nunca / Raramente | AC6: 0 | AD6: Nunca / Raramente | AE6: 0 | AF6: Frequentemente | AG6: 1 | AH6: Frequentemente | AI6: 1 | AJ6: Sempre | AK6: 2 | AL6: Frequentemente | AM6: 1 | AN6: Nunca / Raramente | AO6: 0 | AP6: Nunca / Raramente | AQ6: 0 | AR6: Nunca / Raramente | AS6: 0 | AT6: Frequentemente | AU6: 1 | AV6: =SUM(Q6,S6,U6,W6,Y6,AA6,AC6,AE6,AG6,AI6,AK6,AM6,AO6,AQ6,AS6,AU6) -> 10 | AW6: =IF(Table1[[#This Row],[Pontuação final]]<=2,"Nenhum", IF(Table1[[#This Row],[Pontuação final]]<=12,"Leve", IF(Table1[[#This Row],[Pontuação final]]<=22,"Moderado", "Grave"))) -> Leve
A7: 7 | B7: Masculino | C7: 19 | D7: 95 | E7: 1.92 | F7: Engenharia de Software | G7: P1 | H7: Integral | I7: Estágio ; | K7: Santa Rita do Sapucaí | L7: Minas Gerais | M7: Familiares | O7: Às vezes | P7: Sempre | Q7: 2 | R7: Frequentemente | S7: 1 | T7: Frequentemente | U7: 1 | V7: Sempre | W7: 2 | X7: Frequentemente | Y7: 1 | Z7: Nunca / Raramente | AA7: 0 | AB7: Frequentemente | AC7: 1 | AD7: Nunca / Raramente | AE7: 0 | AF7: Frequentemente | AG7: 1 | AH7: Sempre | AI7: 2 | AJ7: Nunca / Raramente | AK7: 0 | AL7: Frequentemente | AM7: 1 | AN7: Frequentemente | AO7: 1 | AP7: Frequentemente | AQ7: 1 | AR7: Nunca / Raramente | AS7: 0 | AT7: Sempre | AU7: 2 | AV7: =SUM(Q7,S7,U7,W7,Y7,AA7,AC7,AE7,AG7,AI7,AK7,AM7,AO7,AQ7,AS7,AU7) -> 16 | AW7: =IF(Table1[[#This Row],[Pontuação final]]<=2,"Nenhum", IF(Table1[[#This Row],[Pontuação final]]<=12,"Leve", IF(Table1[[#This Row],[Pontuação final]]<=22,"Moderado", "Grave"))) -> Moderado
A8: 8 | B8: Masculino | C8: 19 | D8: 56 | E8: 1.7 | F8: Engenharia de Telecomunicações | G8: P3 | H8: Integral | I8: Iniciação Científica ;Monitoria ; | K8: Pouso Alegre | L8: Minas Gerais | M8: Amigos/colegas | O8: Nunca | P8: Sempre | Q8: 2 | R8: Sempre | S8: 2 | T8: Sempre | U8: 2 | V8: Frequentemente | W8: 1 | X8: Nunca / Raramente | Y8: 0 | Z8: Nunca / Raramente | AA8: 0 | AB8: Nunca / Raramente | AC8: 0 | AD8: Nunca / Raramente | AE8: 0 | AF8: Frequentemente | AG8: 1 | AH8: Frequentemente | AI8: 1 | AJ8: Sempre | AK8: 2 | AL8: Sempre | AM8: 2 | AN8: Nunca / Raramente | AO8: 0 | AP8: Nunca / Raramente | AQ8: 0 | AR8: Nunca / Raramente | AS8: 0 | AT8: Sempre | AU8: 2 | AV8: =SUM(Q8,S8,U8,W8,Y8,AA8,AC8,AE8,AG8,AI8,AK8,AM8,AO8,AQ8,AS8,AU8) -> 15 | AW8: =IF(Table1[[#This Row],[Pontuação final]]<=2,"Nenhum", IF(Table1[[#This Row],[Pontuação final]]<=12,"Leve", IF(Table1[[#This Row],[Pontuação final]]<=22,"Moderado", "Grave"))) -> Moderado
A9: 9 | B9: Feminino | C9: 20 | D9: 85 | E9: 1.66 | F9: Engenharia de Software | G9: P4 | H9: Integral | I9: Outros; | J9: Casa Viva | K9: Santa Rita do Sapucaí | L9: Minas Gerais | M9: Familiares | O9: Sempre | P9: Sempre | Q9: 2 | R9: Frequentemente | S9: 1 | T9: Nunca / Raramente | U9: 0 | V9: Sempre | W9: 2 | X9: Frequentemente | Y9: 1 | Z9: Nunca / Raramente | AA9: 0 | AB9: Frequentemente | AC9: 1 | AD9: Frequentemente | AE9: 1 | AF9: Frequentemente | AG9: 1 | AH9: Nunca / Raramente | AI9: 0 | AJ9: Nunca / Raramente | AK9: 0 | AL9: Sempre | AM9: 2 | AN9: Frequentemente | AO9: 1 | AP9: Nunca / Raramente | AQ9: 0 | AR9: Nunca / Raramente | AS9: 0 | AT9: Sempre | AU9: 2 | AV9: =SUM(Q9,S9,U9,W9,Y9,AA9,AC9,AE9,AG9,AI9,AK9,AM9,AO9,AQ9,AS9,AU9) -> 14 | AW9: =IF(Table1[[#This Row],[Pontuação final]]<=2,"Nenhum", IF(Table1[[#This Row],[Pontuação final]]<=12,"Leve", IF(Table1[[#This Row],[Pontuação final]]<=22,"Moderado", "Grave"))) -> Moderado
A10: 10 | B10: Feminino | C10: 21 | D10: 66 | E10: 1.62 | F10: Engenharia de Computação | G10: P9 | H10: Integral | I10: Trabalho ; | K10: São Paulo | L10: São Paulo | M10: Familiares | O10: Sempre | P10: Sempre | Q10: 2 | R10: Sempre | S10: 2 | T10: Nunca / Raramente | U10: 0 | V10: Sempre | W10: 2 | X10: Frequentemente | Y10: 1 | Z10: Sempre | AA10: 2 | AB10: Sempre | AC10: 2 | AD10: Sempre | AE10: 2 | AF10: Frequentemente | AG10: 1 | AH10: Sempre | AI10: 2 | AJ10: Frequentemente | AK10: 1 | AL10: Frequentemente | AM10: 1 | AN10: Frequentemente | AO10: 1 | AP10: Frequentemente | AQ10: 1 | AR10: Nunca / Raramente | AS10: 0 | AT10: Frequentemente | AU10: 1 | AV10: =SUM(Q10,S10,U10,W10,Y10,AA10,AC10,AE10,AG10,AI10,AK10,AM10,AO10,AQ10,AS10,AU10) -> 21 | AW10: =IF(Table1[[#This Row],[Pontuação final]]<=2,"Nenhum", IF(Table1[[#This Row],[Pontuação final]]<=12,"Leve", IF(Table1[[#This Row],[Pontuação final]]<=22,"Moderado", "Grave"))) -> Moderado
A11: 11 | B11: Masculino | C11: 20 | D11: 58 | E11: 1.71 | F11: Engenharia de Computação | G11: P2 | H11: Integral | I11: Estágio ; | K11: Natércia | L11: Minas Gerais | M11: Amigos/colegas | O11: Nunca | P11: Sempre | Q11: 2 | R11: Nunca / Raramente | S11: 0 | T11: Sempre | U11: 2 | V11: Sempre | W11: 2 | X11: Frequentemente | Y11: 1 | Z11: Frequentemente | AA11: 1 | AB11: Frequentemente | AC11: 1 | AD11: Nunca / Raramente | AE11: 0 | AF11: Frequentemente | AG11: 1 | AH11: Sempre | AI11: 2 | AJ11: Nunca / Raramente | AK11: 0 | AL11: Sempre | AM11: 2 | AN11: Frequentemente | AO11: 1 | AP11: Nunca / Raramente | AQ11: 0 | AR11: Nunca / Raramente | AS11: 0 | AT11: Sempre | AU11: 2 | AV11: =SUM(Q11,S11,U11,W11,Y11,AA11,AC11,AE11,AG11,AI11,AK11,AM11,AO11,AQ11,AS11,AU11) -> 17 | AW11: =IF(Table1[[#This Row],[Pontuação final]]<=2,"Nenhum", IF(Table1[[#This Row],[Pontuação final]]<=12,"Leve", IF(Table1[[#This Row],[Pontuação final]]<=22,"Moderado", "Grave"))) -> Moderado
A12: 12 | B12: Feminino | C12: 29 | D12: 75 | E12: 1.69 | F12: Engenharia de Telecomunicações | G12: P6 | H12: Noturno | I12: Iniciação Científica ;Estágio ;Trabalho ; | K12: São Lourenço | L12: Minas Gerais | M12: Sozinho | O12: Nunca | P12: Sempre | Q12: 2 | R12: Nunca / Raramente | S12: 0 | T12: Sempre | U12: 2 | V12: Sempre | W12: 2 | X12: Sempre | Y12: 2 | Z12: Sempre | AA12: 2 | AB12: Sempre | AC12: 2 | AD12: Sempre | AE12: 2 | AF12: Sempre | AG12: 2 | AH12: Sempre | AI12: 2 | AJ12: Sempre | AK12: 2 | AL12: Sempre | AM12: 2 | AN12: Sempre | AO12: 2 | AP12: Sempre | AQ12: 2 | AR12: Frequentemente | AS12: 1 | AT12: Sempre | AU12: 2 | AV12: =SUM(Q12,S12,U12,W12,Y12,AA12,AC12,AE12,AG12,AI12,AK12,AM12,AO12,AQ12,AS12,AU12) -> 29 | AW12: =IF(Table1[[#This Row],[Pontuação final]]<=2,"Nenhum", IF(Table1[[#This Row],[Pontuação final]]<=12,"Leve", IF(Table1[[#This Row],[Pontuação final]]<=22,"Moderado", "Grave"))) -> Grave
A13: 13 | B13: Masculino | C13: 21 | D13: 68 | E13: 1.8 | F13: Engenharia de Computação | G13: P6 | H13: Noturno | I13: Iniciação Científica ; | K13: Cachoeira de Minas | L13: Minas Gerais | M13: Familiares | O13: Às vezes | P13: Sempre | Q13: 2 | R13: Sempre | S13: 2 | T13: Sempre | U13: 2 | V13: Sempre | W13: 2 | X13: Frequentemente | Y13: 1 | Z13: Nunca / Raramente | AA13: 0 | AB13: Frequentemente | AC13: 1 | AD13: Sempre | AE13: 2 | AF13: Frequentemente | AG13: 1 | AH13: Sempre | AI13: 2 | AJ13: Sempre | AK13: 2 | AL13: Sempre | AM13: 2 | AN13: Frequentemente | AO13: 1 | AP13: Frequentemente | AQ13: 1 | AR13: Nunca / Raramente | AS13: 0 | AT13: Sempre | AU13: 2 | AV13: =SUM(Q13,S13,U13,W13,Y13,AA13,AC13,AE13,AG13,AI13,AK13,AM13,AO13,AQ13,AS13,AU13) -> 23 | AW13: =IF(Table1[[#This Row],[Pontuação final]]<=2,"Nenhum", IF(Table1[[#This Row],[Pontuação final]]<=12,"Leve", IF(Table1[[#This Row],[Pontuação final]]<=22,"Moderado", "Grave"))) -> Grave
A14: 14 | B14: Feminino | C14: 24 | D14: 75 | E14: 1.62 | F14: Engenharia de Software | G14: P7 | H14: Noturno | I14: Trabalho ; | K14: Pouso Alegre | L14: Minas Gerais | M14: Outros | N14: Namorado | O14: Às vezes | P14: Sempre | Q14: 2 | R14: Sempre | S14: 2 | T14: Frequentemente | U14: 1 | V14: Sempre | W14: 2 | X14: Nunca / Raramente | Y14: 0 | Z14: Nunca / Raramente | AA14: 0 | AB14: Nunca / Raramente | AC14: 0 | AD14: Sempre | AE14: 2 | AF14: Frequentemente | AG14: 1 | AH14: Frequentemente | AI14: 1 | AJ14: Nunca / Raramente | AK14: 0 | AL14: Frequentemente | AM14: 1 | AN14: Nunca / Raramente | AO14: 0 | AP14: Nunca / Raramente | AQ14: 0 | AR14: Sempre | AS14: 2 | AT14: Frequentemente | AU14: 1 | AV14: =SUM(Q14,S14,U14,W14,Y14,AA14,AC14,AE14,AG14,AI14,AK14,AM14,AO14,AQ14,AS14,AU14) -> 15 | AW14: =IF(Table1[[#This Row],[Pontuação final]]<=2,"Nenhum", IF(Table1[[#This Row],[Pontuação final]]<=12,"Leve", IF(Table1[[#This Row],[Pontuação final]]<=22,"Moderado", "Grave"))) -> Moderado
A15: 15 | B15: Masculino | C15: 19 | D15: 82 | E15: 1.75 | F15: Engenharia de Controle e Automação | G15: P3 | H15: Integral | I15: Iniciação Científica ; | K15: Machado | L15: Minas Gerais | M15: Amigos/colegas | O15: Sempre | P15: Frequentemente | Q15: 1 | R15: Sempre | S15: 2 | T15: Sempre | U15: 2 | V15: Sempre | W15: 2 | X15: Frequentemente | Y15: 1 | Z15: Frequentemente | AA15: 1 | AB15: Sempre | AC15: 2 | AD15: Sempre | AE15: 2 | AF15: Frequentemente | AG15: 1 | AH15: Sempre | AI15: 2 | AJ15: Sempre | AK15: 2 | AL15: Nunca / Raramente | AM15: 0 | AN15: Frequentemente | AO15: 1 | AP15: Nunca / Raramente | AQ15: 0 | AR15: Frequentemente | AS15: 1 | AT15: Frequentemente | AU15: 1 | AV15: =SUM(Q15,S15,U15,W15,Y15,AA15,AC15,AE15,AG15,AI15,AK15,AM15,AO15,AQ15,AS15,AU15) -> 21 | AW15: =IF(Table1[[#This Row],[Pontuação final]]<=2,"Nenhum", IF(Table1[[#This Row],[Pontuação final]]<=12,"Leve", IF(Table1[[#This Row],[Pontuação final]]<=22,"Moderado", "Grave"))) -> Moderado
A16: 16 | B16: Masculino | C16: 18 | D16: 89 | E16: 1.73 | F16: Engenharia de Software | G16: P1 | H16: Integral | I16: Outros; | K16: Eloi Mendes | L16: Minas Gerais | M16: Sozinho | O16: Sempre | P16: Sempre | Q16: 2 | R16: Frequentemente | S16: 1 | T16: Frequentemente | U16: 1 | V16: Sempre | W16: 2 | X16: Frequentemente | Y16: 1 | Z16: Frequentemente | AA16: 1 | AB16: Frequentemente | AC16: 1 | AD16: Sempre | AE16: 2 | AF16: Frequentemente | AG16: 1 | AH16: Nunca / Raramente | AI16: 0 | AJ16: Frequentemente | AK16: 1 | AL16: Sempre | AM16: 2 | AN16: Frequentemente | AO16: 1 | AP16: Frequentemente | AQ16: 1 | AR16: Nunca / Raramente | AS16: 0 | AT16: Sempre | AU16: 2 | AV16: =SUM(Q16,S16,U16,W16,Y16,AA16,AC16,AE16,AG16,AI16,AK16,AM16,AO16,AQ16,AS16,AU16) -> 19 | AW16: =IF(Table1[[#This Row],[Pontuação final]]<=2,"Nenhum", IF(Table1[[#This Row],[Pontuação final]]<=12,"Leve", IF(Table1[[#This Row],[Pontuação final]]<=22,"Moderado", "Grave"))) -> Moderado
A17: 17 | B17: Masculino | C17: 19 | D17: 92 | E17: 1.8 | F17: Engenharia de Telecomunicações | G17: P3 | H17: Integral | I17: Monitoria ; | K17: Goiânia | L17: Goiás | M17: Familiares | O17: Sempre | P17: Frequentemente | Q17: 1 | R17: Frequentemente | S17: 1 | T17: Nunca / Raramente | U17: 0 | V17: Frequentemente | W17: 1 | X17: Nunca / Raramente | Y17: 0 | Z17: Nunca / Raramente | AA17: 0 | AB17: Frequentemente | AC17: 1 | AD17: Nunca / Raramente | AE17: 0 | AF17: Nunca / Raramente | AG17: 0 | AH17: Nunca / Raramente | AI17: 0 | AJ17: Nunca / Raramente | AK17: 0 | AL17: Frequentemente | AM17: 1 | AN17: Frequentemente | AO17: 1 | AP17: Nunca / Raramente | AQ17: 0 | AR17: Nunca / Raramente | AS17: 0 | AT17: Frequentemente | AU17: 1 | AV17: =SUM(Q17,S17,U17,W17,Y17,AA17,AC17,AE17,AG17,AI17,AK17,AM17,AO17,AQ17,AS17,AU17) -> 7 | AW17: =IF(Table1[[#This Row],[Pontuação final]]<=2,"Nenhum", IF(Table1[[#This Row],[Pontuação final]]<=12,"Leve", IF(Table1[[#This Row],[Pontuação final]]<=22,"Moderado", "Grave"))) -> Leve
A18: 18 | B18: Masculino | C18: 24 | D18: 105 | E18: 1.66 | F18: Engenharia de Software | G18: P7 | H18: Integral | I18: Estágio ; | K18: Passos | L18: Minas Gerais | M18: Familiares | O18: Nunca | P18: Sempre | Q18: 2 | R18: Nunca / Raramente | S18: 0 | T18: Sempre | U18: 2 | V18: Sempre | W18: 2 | X18: Frequentemente | Y18: 1 | Z18: Frequentemente | AA18: 1 | AB18: Frequentemente | AC18: 1 | AD18: Frequentemente | AE18: 1 | AF18: Frequentemente | AG18: 1 | AH18: Sempre | AI18: 2 | AJ18: Sempre | AK18: 2 | AL18: Sempre | AM18: 2 | AN18: Sempre | AO18: 2 | AP18: Frequentemente | AQ18: 1 | AR18: Sempre | AS18: 2 | AT18: Frequentemente | AU18: 1 | AV18: =SUM(Q18,S18,U18,W18,Y18,AA18,AC18,AE18,AG18,AI18,AK18,AM18,AO18,AQ18,AS18,AU18) -> 23 | AW18: =IF(Table1[[#This Row],[Pontuação final]]<=2,"Nenhum", IF(Table1[[#This Row],[Pontuação final]]<=12,"Leve", IF(Table1[[#This Row],[Pontuação final]]<=22,"Moderado", "Grave"))) -> Grave
A19: 19 | B19: Masculino | C19: 21 | D19: 64 | E19: 1.7 | F19: Engenharia de Software | G19: P3 | H19: Noturno | I19: Estágio ; | K19: Cambuí | L19: Minas Gerais | M19: Amigos/colegas | O19: Nunca | P19: Frequentemente | Q19: 1 | R19: Nunca / Raramente | S19: 0 | T19: Frequentemente | U19: 1 | V19: Frequentemente | W19: 1 | X19: Nunca / Raramente | Y19: 0 | Z19: Nunca / Raramente | AA19: 0 | AB19: Frequentemente | AC19: 1 | AD19: Frequentemente | AE19: 1 | AF19: Frequentemente | AG19: 1 | AH19: Sempre | AI19: 2 | AJ19: Sempre | AK19: 2 | AL19: Sempre | AM19: 2 | AN19: Nunca / Raramente | AO19: 0 | AP19: Nunca / Raramente | AQ19: 0 | AR19: Nunca / Raramente | AS19: 0 | AT19: Sempre | AU19: 2 | AV19: =SUM(Q19,S19,U19,W19,Y19,AA19,AC19,AE19,AG19,AI19,AK19,AM19,AO19,AQ19,AS19,AU19) -> 14 | AW19: =IF(Table1[[#This Row],[Pontuação final]]<=2,"Nenhum", IF(Table1[[#This Row],[Pontuação final]]<=12,"Leve", IF(Table1[[#This Row],[Pontuação final]]<=22,"Moderado", "Grave"))) -> Moderado
A20: 20 | B20: Feminino | C20: 22 | D20: 58 | E20: 1.69 | F20: Engenharia de Computação | G20: P10 | H20: Noturno | I20: Trabalho ; | K20: Pouso alegre | L20: Minas Gerais | M20: Familiares | O20: Sempre | P20: Sempre | Q20: 2 | R20: Sempre | S20: 2 | T20: Sempre | U20: 2 | V20: Frequentemente | W20: 1 | X20: Sempre | Y20: 2 | Z20: Sempre | AA20: 2 | AB20: Sempre | AC20: 2 | AD20: Sempre | AE20: 2 | AF20: Sempre | AG20: 2 | AH20: Frequentemente | AI20: 1 | AJ20: Nunca / Raramente | AK20: 0 | AL20: Sempre | AM20: 2 | AN20: Sempre | AO20: 2 | AP20: Nunca / Raramente | AQ20: 0 | AR20: Nunca / Raramente | AS20: 0 | AT20: Sempre | AU20: 2 | AV20: =SUM(Q20,S20,U20,W20,Y20,AA20,AC20,AE20,AG20,AI20,AK20,AM20,AO20,AQ20,AS20,AU20) -> 24 | AW20: =IF(Table1[[#This Row],[Pontuação final]]<=2,"Nenhum", IF(Table1[[#This Row],[Pontuação final]]<=12,"Leve", IF(Table1[[#This Row],[Pontuação final]]<=22,"Moderado", "Grave"))) -> Grave
A21: 21 | B21: Masculino | C21: 18 | D21: 55 | E21: 1.79 | F21: Engenharia de Computação | G21: P1 | H21: Noturno | I21: Outros; | K21: Santa Rita do Sapucaí | L21: Minas Gerais | M21: Sozinho | O21: Às vezes | P21: Sempre | Q21: 2 | R21: Nunca / Raramente | S21: 0 | T21: Nunca / Raramente | U21: 0 | V21: Frequentemente | W21: 1 | X21: Nunca / Raramente | Y21: 0 | Z21: Nunca / Raramente | AA21: 0 | AB21: Nunca / Raramente | AC21: 0 | AD21: Nunca / Raramente | AE21: 0 | AF21: Frequentemente | AG21: 1 | AH21: Frequentemente | AI21: 1 | AJ21: Nunca / Raramente | AK21: 0 | AL21: Frequentemente | AM21: 1 | AN21: Nunca / Raramente | AO21: 0 | AP21: Nunca / Raramente | AQ21: 0 | AR21: Nunca / Raramente | AS21: 0 | AT21: Frequentemente | AU21: 1 | AV21: =SUM(Q21,S21,U21,W21,Y21,AA21,AC21,AE21,AG21,AI21,AK21,AM21,AO21,AQ21,AS21,AU21) -> 7 | AW21: =IF(Table1[[#This Row],[Pontuação final]]<=2,"Nenhum", IF(Table1[[#This Row],[Pontuação final]]<=12,"Leve", IF(Table1[[#This Row],[Pontuação final]]<=22,"Moderado", "Grave"))) -> Leve
A22: 22 | B22: Masculino | C22: 22 | D22: 67 | E22: 1.75 | F22: Engenharia Elétrica | G22: P8 | H22: Noturno | I22: Trabalho ;Outros; | J22: Membro da ISA | K22: Volta Redonda | L22: Rio de Janeiro | M22: Amigos/colegas | O22: Às vezes | P22: Sempre | Q22: 2 | R22: Sempre | S22: 2 | T22: Nunca / Raramente | U22: 0 | V22: Sempre | W22: 2 | X22: Frequentemente | Y22: 1 | Z22: Nunca / Raramente | AA22: 0 | AB22: Frequentemente | AC22: 1 | AD22: Sempre | AE22: 2 | AF22: Frequentemente | AG22: 1 | AH22: Frequentemente | AI22: 1 | AJ22: Frequentemente | AK22: 1 | AL22: Sempre | AM22: 2 | AN22: Sempre | AO22: 2 | AP22: Sempre | AQ22: 2 | AR22: Sempre | AS22: 2 | AT22: Sempre | AU22: 2 | AV22: =SUM(Q22,S22,U22,W22,Y22,AA22,AC22,AE22,AG22,AI22,AK22,AM22,AO22,AQ22,AS22,AU22) -> 23 | AW22: =IF(Table1[[#This Row],[Pontuação final]]<=2,"Nenhum", IF(Table1[[#This Row],[Pontuação final]]<=12,"Leve", IF(Table1[[#This Row],[Pontuação final]]<=22,"Moderado", "Grave"))) -> Grave
A23: 23 | B23: Masculino | C23: 20 | D23: 86 | E23: 1.75 | F23: Engenharia de Software | G23: P7 | H23: Integral | I23: Iniciação Científica ; | K23: São Paulo | L23: São Paulo | M23: Familiares | O23: Sempre | P23: Sempre | Q23: 2 | R23: Nunca / Raramente | S23: 0 | T23: Nunca / Raramente | U23: 0 | V23: Sempre | W23: 2 | X23: Sempre | Y23: 2 | Z23: Nunca / Raramente | AA23: 0 | AB23: Nunca / Raramente | AC23: 0 | AD23: Nunca / Raramente | AE23: 0 | AF23: Sempre | AG23: 2 | AH23: Nunca / Raramente | AI23: 0 | AJ23: Nunca / Raramente | AK23: 0 | AL23: Sempre | AM23: 2 | AN23: Frequentemente | AO23: 1 | AP23: Nunca / Raramente | AQ23: 0 | AR23: Nunca / Raramente | AS23: 0 | AT23: Sempre | AU23: 2 | AV23: =SUM(Q23,S23,U23,W23,Y23,AA23,AC23,AE23,AG23,AI23,AK23,AM23,AO23,AQ23,AS23,AU23) -> 13 | AW23: =IF(Table1[[#This Row],[Pontuação final]]<=2,"Nenhum", IF(Table1[[#This Row],[Pontuação final]]<=12,"Leve", IF(Table1[[#This Row],[Pontuação final]]<=22,"Moderado", "Grave"))) -> Moderado
A24: 24 | B24: Masculino | C24: 24 | D24: 77 | E24: 1.78 | F24: Engenharia de Computação | G24: P9 | H24: Noturno | I24: Monitoria ; | K24: Volta Redonda | L24: Rio de Janeiro | M24: Amigos/colegas | O24: Às vezes | P24: Sempre | Q24: 2 | R24: Sempre | S24: 2 | T24: Sempre | U24: 2 | V24: Sempre | W24: 2 | X24: Frequentemente | Y24: 1 | Z24: Frequentemente | AA24: 1 | AB24: Frequentemente | AC24: 1 | AD24: Sempre | AE24: 2 | AF24: Frequentemente | AG24: 1 | AH24: Sempre | AI24: 2 | AJ24: Sempre | AK24: 2 | AL24: Sempre | AM24: 2 | AN24: Sempre | AO24: 2 | AP24: Frequentemente | AQ24: 1 | AR24: Frequentemente | AS24: 1 | AT24: Sempre | AU24: 2 | AV24: =SUM(Q24,S24,U24,W24,Y24,AA24,AC24,AE24,AG24,AI24,AK24,AM24,AO24,AQ24,AS24,AU24) -> 26 | AW24: =IF(Table1[[#This Row],[Pontuação final]]<=2,"Nenhum", IF(Table1[[#This Row],[Pontuação final]]<=12,"Leve", IF(Table1[[#This Row],[Pontuação final]]<=22,"Moderado", "Grave"))) -> Grave
A25: 25 | B25: Masculino | C25: 17 | D25: 57 | E25: 1.65 | F25: Engenharia de Computação | G25: P1 | H25: Integral | I25: Outros; | K25: Socorro | L25: São Paulo | M25: Sozinho | O25: Às vezes | P25: Sempre | Q25: 2 | R25: Sempre | S25: 2 | T25: Sempre | U25: 2 | V25: Sempre | W25: 2 | X25: Frequentemente | Y25: 1 | Z25: Nunca / Raramente | AA25: 0 | AB25: Nunca / Raramente | AC25: 0 | AD25: Frequentemente | AE25: 1 | AF25: Frequentemente | AG25: 1 | AH25: Nunca / Raramente | AI25: 0 | AJ25: Nunca / Raramente | AK25: 0 | AL25: Sempre | AM25: 2 | AN25: Frequentemente | AO25: 1 | AP25: Nunca / Raramente | AQ25: 0 | AR25: Frequentemente | AS25: 1 | AT25: Sempre | AU25: 2 | AV25: =SUM(Q25,S25,U25,W25,Y25,AA25,AC25,AE25,AG25,AI25,AK25,AM25,AO25,AQ25,AS25,AU25) -> 17 | AW25: =IF(Table1[[#This Row],[Pontuação final]]<=2,"Nenhum", IF(Table1[[#This Row],[Pontuação final]]<=12,"Leve", IF(Table1[[#This Row],[Pontuação final]]<=22,"Moderado", "Grave"))) -> Moderado
A26: 26 | B26: Masculino | C26: 20 | D26: 64 | E26: 1.69 | F26: Engenharia de Software | G26: P5 | H26: Integral | I26: Monitoria ; | K26: Pouso Alegre | L26: Minas Gerais | M26: Amigos/colegas | O26: Às vezes | P26: Sempre | Q26: 2 | R26: Sempre | S26: 2 | T26: Nunca / Raramente | U26: 0 | V26: Sempre | W26: 2 | X26: Frequentemente | Y26: 1 | Z26: Frequentemente | AA26: 1 | AB26: Frequentemente | AC26: 1 | AD26: Nunca / Raramente | AE26: 0 | AF26: Frequentemente | AG26: 1 | AH26: Frequentemente | AI26: 1 | AJ26: Nunca / Raramente | AK26: 0 | AL26: Sempre | AM26: 2 | AN26: Frequentemente | AO26: 1 | AP26: Nunca / Raramente | AQ26: 0 | AR26: Nunca / Raramente | AS26: 0 | AT26: Sempre | AU26: 2 | AV26: =SUM(Q26,S26,U26,W26,Y26,AA26,AC26,AE26,AG26,AI26,AK26,AM26,AO26,AQ26,AS26,AU26) -> 16 | AW26: =IF(Table1[[#This Row],[Pontuação final]]<=2,"Nenhum", IF(Table1[[#This Row],[Pontuação final]]<=12,"Leve", IF(Table1[[#This Row],[Pontuação final]]<=22,"Moderado", "Grave"))) -> Moderado
A27: 27 | B27: Masculino | C27: 19 | D27: 68 | E27: 1.75 | F27: Engenharia de Computação | G27: P4 | H27: Integral | I27: Monitoria ; | K27: Pouso Alegre | L27: Minas Gerais | M27: Familiares | O27: Sempre | P27: Sempre | Q27: 2 | R27: Sempre | S27: 2 | T27: Sempre | U27: 2 | V27: Sempre | W27: 2 | X27: Nunca / Raramente | Y27: 0 | Z27: Nunca / Raramente | AA27: 0 | AB27: Nunca / Raramente | AC27: 0 | AD27: Nunca / Raramente | AE27: 0 | AF27: Frequentemente | AG27: 1 | AH27: Frequentemente | AI27: 1 | AJ27: Nunca / Raramente | AK27: 0 | AL27: Sempre | AM27: 2 | AN27: Frequentemente | AO27: 1 | AP27: Nunca / Raramente | AQ27: 0 | AR27: Nunca / Raramente | AS27: 0 | AT27: Sempre | AU27: 2 | AV27: =SUM(Q27,S27,U27,W27,Y27,AA27,AC27,AE27,AG27,AI27,AK27,AM27,AO27,AQ27,AS27,AU27) -> 15 | AW27: =IF(Table1[[#This Row],[Pontuação final]]<=2,"Nenhum", IF(Table1[[#This Row],[Pontuação final]]<=12,"Leve", IF(Table1[[#This Row],[Pontuação final]]<=22,"Moderado", "Grave"))) -> Moderado
A28: 28 | B28: Masculino | C28: 19 | D28: 83 | E28: 1.81 | F28: Engenharia Biomédica | G28: P4 | H28: Noturno | I28: Outros; | J28: start | K28: Poços de Caldas | L28: Minas Gerais | M28: Outros | N28: pensão | O28: Às vezes | P28: Frequentemente | Q28: 1 | R28: Nunca / Raramente | S28: 0 | T28: Sempre | U28: 2 | V28: Sempre | W28: 2 | X28: Frequentemente | Y28: 1 | Z28: Nunca / Raramente | AA28: 0 | AB28: Frequentemente | AC28: 1 | AD28: Sempre | AE28: 2 | AF28: Sempre | AG28: 2 | AH28: Sempre | AI28: 2 | AJ28: Sempre | AK28: 2 | AL28: Sempre | AM28: 2 | AN28: Nunca / Raramente | AO28: 0 | AP28: Frequentemente | AQ28: 1 | AR28: Nunca / Raramente | AS28: 0 | AT28: Sempre | AU28: 2 | AV28: =SUM(Q28,S28,U28,W28,Y28,AA28,AC28,AE28,AG28,AI28,AK28,AM28,AO28,AQ28,AS28,AU28) -> 20 | AW28: =IF(Table1[[#This Row],[Pontuação final]]<=2,"Nenhum", IF(Table1[[#This Row],[Pontuação final]]<=12,"Leve", IF(Table1[[#This Row],[Pontuação final]]<=22,"Moderado", "Grave"))) -> Moderado
A29: 29 | B29: Feminino | C29: 30 | D29: 63 | E29: 1.57 | F29: Engenharia Biomédica | G29: P8 | H29: Noturno | I29: Iniciação Científica ; | K29: Santa Rita do Sapucaí | L29: Minas Gerais | M29: Outros | N29: Filha e esposo | O29: Nunca | P29: Sempre | Q29: 2 | R29: Nunca / Raramente | S29: 0 | T29: Sempre | U29: 2 | V29: Sempre | W29: 2 | X29: Frequentemente | Y29: 1 | Z29: Frequentemente | AA29: 1 | AB29: Nunca / Raramente | AC29: 0 | AD29: Sempre | AE29: 2 | AF29: Sempre | AG29: 2 | AH29: Sempre | AI29: 2 | AJ29: Sempre | AK29: 2 | AL29: Sempre | AM29: 2 | AN29: Frequentemente | AO29: 1 | AP29: Frequentemente | AQ29: 1 | AR29: Nunca / Raramente | AS29: 0 | AT29: Sempre | AU29: 2 | AV29: =SUM(Q29,S29,U29,W29,Y29,AA29,AC29,AE29,AG29,AI29,AK29,AM29,AO29,AQ29,AS29,AU29) -> 22 | AW29: =IF(Table1[[#This Row],[Pontuação final]]<=2,"Nenhum", IF(Table1[[#This Row],[Pontuação final]]<=12,"Leve", IF(Table1[[#This Row],[Pontuação final]]<=22,"Moderado", "Grave"))) -> Moderado
A30: 30 | B30: Masculino | C30: 20 | D30: 69 | E30: 1.75 | F30: Engenharia de Software | G30: P2 | H30: Noturno | I30: Estágio ; | K30: Pouso Alegre | L30: Minas Gerais | M30: Sozinho | O30: Sempre | P30: Frequentemente | Q30: 1 | R30: Nunca / Raramente | S30: 0 | T30: Frequentemente | U30: 1 | V30: Sempre | W30: 2 | X30: Nunca / Raramente | Y30: 0 | Z30: Nunca / Raramente | AA30: 0 | AB30: Nunca / Raramente | AC30: 0 | AD30: Frequentemente | AE30: 1 | AF30: Frequentemente | AG30: 1 | AH30: Sempre | AI30: 2 | AJ30: Sempre | AK30: 2 | AL30: Frequentemente | AM30: 1 | AN30: Nunca / Raramente | AO30: 0 | AP30: Nunca / Raramente | AQ30: 0 | AR30: Nunca / Raramente | AS30: 0 | AT30: Frequentemente | AU30: 1 | AV30: =SUM(Q30,S30,U30,W30,Y30,AA30,AC30,AE30,AG30,AI30,AK30,AM30,AO30,AQ30,AS30,AU30) -> 12 | AW30: =IF(Table1[[#This Row],[Pontuação final]]<=2,"Nenhum", IF(Table1[[#This Row],[Pontuação final]]<=12,"Leve", IF(Table1[[#This Row],[Pontuação final]]<=22,"Moderado", "Grave"))) -> Leve
A31: 31 | B31: Masculino | C31: 17 | D31: 70 | E31: 1.8 | F31: Engenharia de Computação | G31: P1 | H31: Integral | I31: Outros; | K31: Pedralva | L31: Minas Gerais | M31: Amigos/colegas | O31: Sempre | P31: Sempre | Q31: 2 | R31: Sempre | S31: 2 | T31: Frequentemente | U31: 1 | V31: Sempre | W31: 2 | X31: Nunca / Raramente | Y31: 0 | Z31: Sempre | AA31: 2 | AB31: Frequentemente | AC31: 1 | AD31: Nunca / Raramente | AE31: 0 | AF31: Sempre | AG31: 2 | AH31: Sempre | AI31: 2 | AJ31: Sempre | AK31: 2 | AL31: Sempre | AM31: 2 | AN31: Frequentemente | AO31: 1 | AP31: Frequentemente | AQ31: 1 | AR31: Nunca / Raramente | AS31: 0 | AT31: Sempre | AU31: 2 | AV31: =SUM(Q31,S31,U31,W31,Y31,AA31,AC31,AE31,AG31,AI31,AK31,AM31,AO31,AQ31,AS31,AU31) -> 22 | AW31: =IF(Table1[[#This Row],[Pontuação final]]<=2,"Nenhum", IF(Table1[[#This Row],[Pontuação final]]<=12,"Leve", IF(Table1[[#This Row],[Pontuação final]]<=22,"Moderado", "Grave"))) -> Moderado
A32: 32 | B32: Masculino | C32: 20 | D32: 56 | E32: 1.73 | F32: Engenharia de Software | G32: P6 | H32: Noturno | I32: Iniciação Científica ; | K32: Santa Rita do Sapucaí | L32: Minas Gerais | M32: Familiares | O32: Sempre | P32: Sempre | Q32: 2 | R32: Sempre | S32: 2 | T32: Sempre | U32: 2 | V32: Sempre | W32: 2 | X32: Nunca / Raramente | Y32: 0 | Z32: Frequentemente | AA32: 1 | AB32: Nunca / Raramente | AC32: 0 | AD32: Nunca / Raramente | AE32: 0 | AF32: Frequentemente | AG32: 1 | AH32: Sempre | AI32: 2 | AJ32: Sempre | AK32: 2 | AL32: Sempre | AM32: 2 | AN32: Frequentemente | AO32: 1 | AP32: Nunca / Raramente | AQ32: 0 | AR32: Nunca / Raramente | AS32: 0 | AT32: Sempre | AU32: 2 | AV32: =SUM(Q32,S32,U32,W32,Y32,AA32,AC32,AE32,AG32,AI32,AK32,AM32,AO32,AQ32,AS32,AU32) -> 19 | AW32: =IF(Table1[[#This Row],[Pontuação final]]<=2,"Nenhum", IF(Table1[[#This Row],[Pontuação final]]<=12,"Leve", IF(Table1[[#This Row],[Pontuação final]]<=22,"Moderado", "Grave"))) -> Moderado
A33: 33 | B33: Masculino | C33: 19 | D33: 65.5 | E33: 1.8 | F33: Engenharia de Computação | G33: P3 | H33: Integral | I33: Monitoria ; | K33: Caxambu | L33: Minas Gerais | M33: Sozinho | O33: Às vezes | P33: Sempre | Q33: 2 | R33: Sempre | S33: 2 | T33: Sempre | U33: 2 | V33: Sempre | W33: 2 | X33: Nunca / Raramente | Y33: 0 | Z33: Frequentemente | AA33: 1 | AB33: Nunca / Raramente | AC33: 0 | AD33: Frequentemente | AE33: 1 | AF33: Nunca / Raramente | AG33: 0 | AH33: Frequentemente | AI33: 1 | AJ33: Nunca / Raramente | AK33: 0 | AL33: Frequentemente | AM33: 1 | AN33: Frequentemente | AO33: 1 | AP33: Frequentemente | AQ33: 1 | AR33: Sempre | AS33: 2 | AT33: Frequentemente | AU33: 1 | AV33: =SUM(Q33,S33,U33,W33,Y33,AA33,AC33,AE33,AG33,AI33,AK33,AM33,AO33,AQ33,AS33,AU33) -> 17 | AW33: =IF(Table1[[#This Row],[Pontuação final]]<=2,"Nenhum", IF(Table1[[#This Row],[Pontuação final]]<=12,"Leve", IF(Table1[[#This Row],[Pontuação final]]<=22,"Moderado", "Grave"))) -> Moderado
A34: 34 | B34: Masculino | C34: 20 | D34: 70 | E34: 1.72 | F34: Engenharia de Software | G34: P5 | H34: Noturno | I34: Estágio ; | K34: São Lourenço | L34: Minas Gerais | M34: Sozinho | O34: Nunca | P34: Frequentemente | Q34: 1 | R34: Nunca / Raramente | S34: 0 | T34: Nunca / Raramente | U34: 0 | V34: Sempre | W34: 2 | X34: Frequentemente | Y34: 1 | Z34: Frequentemente | AA34: 1 | AB34: Frequentemente | AC34: 1 | AD34: Sempre | AE34: 2 | AF34: Sempre | AG34: 2 | AH34: Frequentemente | AI34: 1 | AJ34: Frequentemente | AK34: 1 | AL34: Sempre | AM34: 2 | AN34: Nunca / Raramente | AO34: 0 | AP34: Nunca / Raramente | AQ34: 0 | AR34: Nunca / Raramente | AS34: 0 | AT34: Frequentemente | AU34: 1 | AV34: =SUM(Q34,S34,U34,W34,Y34,AA34,AC34,AE34,AG34,AI34,AK34,AM34,AO34,AQ34,AS34,AU34) -> 15 | AW34: =IF(Table1[[#This Row],[Pontuação final]]<=2,"Nenhum", IF(Table1[[#This Row],[Pontuação final]]<=12,"Leve", IF(Table1[[#This Row],[Pontuação final]]<=22,"Moderado", "Grave"))) -> Moderado
A35: 35 | B35: Masculino | C35: 20 | D35: 79 | E35: 1.8 | F35: Engenharia de Telecomunicações | G35: P6 | H35: Integral | I35: Iniciação Científica ; | K35: Cruzília | L35: Minas Gerais | M35: Amigos/colegas | O35: Às vezes | P35: Sempre | Q35: 2 | R35: Nunca / Raramente | S35: 0 | T35: Nunca / Raramente | U35: 0 | V35: Sempre | W35: 2 | X35: Sempre | Y35: 2 | Z35: Frequentemente | AA35: 1 | AB35: Sempre | AC35: 2 | AD35: Sempre | AE35: 2 | AF35: Sempre | AG35: 2 | AH35: Frequentemente | AI35: 1 | AJ35: Sempre | AK35: 2 | AL35: Sempre | AM35: 2 | AN35: Frequentemente | AO35: 1 | AP35: Sempre | AQ35: 2 | AR35: Sempre | AS35: 2 | AT35: Sempre | AU35: 2 | AV35: =SUM(Q35,S35,U35,W35,Y35,AA35,AC35,AE35,AG35,AI35,AK35,AM35,AO35,AQ35,AS35,AU35) -> 25 | AW35: =IF(Table1[[#This Row],[Pontuação final]]<=2,"Nenhum", IF(Table1[[#This Row],[Pontuação final]]<=12,"Leve", IF(Table1[[#This Row],[Pontuação final]]<=22,"Moderado", "Grave"))) -> Grave
A36: 36 | B36: Feminino | C36: 24 | D36: 48 | E36: 1.53 | F36: Engenharia de Telecomunicações | G36: P8 | H36: Noturno | I36: Trabalho ; | K36: Santa Rita do Sapucaí | L36: Minas Gerais | M36: Familiares | O36: Às vezes | P36: Sempre | Q36: 2 | R36: Frequentemente | S36: 1 | T36: Nunca / Raramente | U36: 0 | V36: Sempre | W36: 2 | X36: Frequentemente | Y36: 1 | Z36: Frequentemente | AA36: 1 | AB36: Frequentemente | AC36: 1 | AD36: Nunca / Raramente | AE36: 0 | AF36: Frequentemente | AG36: 1 | AH36: Sempre | AI36: 2 | AJ36: Sempre | AK36: 2 | AL36: Sempre | AM36: 2 | AN36: Sempre | AO36: 2 | AP36: Frequentemente | AQ36: 1 | AR36: Frequentemente | AS36: 1 | AT36: Sempre | AU36: 2 | AV36: =SUM(Q36,S36,U36,W36,Y36,AA36,AC36,AE36,AG36,AI36,AK36,AM36,AO36,AQ36,AS36,AU36) -> 21 | AW36: =IF(Table1[[#This Row],[Pontuação final]]<=2,"Nenhum", IF(Table1[[#This Row],[Pontuação final]]<=12,"Leve", IF(Table1[[#This Row],[Pontuação final]]<=22,"Moderado", "Grave"))) -> Moderado
A37: 37 | B37: Masculino | C37: 21 | D37: 75 | E37: 1.78 | F37: Engenharia de Computação | G37: P7 | H37: Noturno | I37: Trabalho ; | K37: Santa Rita do Sapucaí | L37: Minas Gerais | M37: Familiares | O37: Às vezes | P37: Sempre | Q37: 2 | R37: Sempre | S37: 2 | T37: Frequentemente | U37: 1 | V37: Sempre | W37: 2 | X37: Nunca / Raramente | Y37: 0 | Z37: Nunca / Raramente | AA37: 0 | AB37: Nunca / Raramente | AC37: 0 | AD37: Nunca / Raramente | AE37: 0 | AF37: Frequentemente | AG37: 1 | AH37: Nunca / Raramente | AI37: 0 | AJ37: Nunca / Raramente | AK37: 0 | AL37: Sempre | AM37: 2 | AN37: Nunca / Raramente | AO37: 0 | AP37: Nunca / Raramente | AQ37: 0 | AR37: Nunca / Raramente | AS37: 0 | AT37: Frequentemente | AU37: 1 | AV37: =SUM(Q37,S37,U37,W37,Y37,AA37,AC37,AE37,AG37,AI37,AK37,AM37,AO37,AQ37,AS37,AU37) -> 11 | AW37: =IF(Table1[[#This Row],[Pontuação final]]<=2,"Nenhum", IF(Table1[[#This Row],[Pontuação final]]<=12,"Leve", IF(Table1[[#This Row],[Pontuação final]]<=22,"Moderado", "Grave"))) -> Leve
A38: 38 | B38: Feminino | C38: 22 | D38: 88 | E38: 1.75 | F38: Engenharia de Telecomunicações | G38: P5 | H38: Noturno | I38: Trabalho ; | K38: Santa Rita do Sapucaí | L38: Minas Gerais | M38: Familiares | O38: Sempre | P38: Sempre | Q38: 2 | R38: Nunca / Raramente | S38: 0 | T38: Frequentemente | U38: 1 | V38: Sempre | W38: 2 | X38: Frequentemente | Y38: 1 | Z38: Frequentemente | AA38: 1 | AB38: Frequentemente | AC38: 1 | AD38: Sempre | AE38: 2 | AF38: Sempre | AG38: 2 | AH38: Frequentemente | AI38: 1 | AJ38: Nunca / Raramente | AK38: 0 | AL38: Sempre | AM38: 2 | AN38: Sempre | AO38: 2 | AP38: Frequentemente | AQ38: 1 | AR38: Sempre | AS38: 2 | AT38: Sempre | AU38: 2 | AV38: =SUM(Q38,S38,U38,W38,Y38,AA38,AC38,AE38,AG38,AI38,AK38,AM38,AO38,AQ38,AS38,AU38) -> 22 | AW38: =IF(Table1[[#This Row],[Pontuação final]]<=2,"Nenhum", IF(Table1[[#This Row],[Pontuação final]]<=12,"Leve", IF(Table1[[#This Row],[Pontuação final]]<=22,"Moderado", "Grave"))) -> Moderado
A39: 39 | B39: Masculino | C39: 20 | D39: 79 | E39: 1.72 | F39: Engenharia de Software | G39: P5 | H39: Integral | I39: Monitoria ; | K39: Pouso Alegre | L39: Minas Gerais | M39: Amigos/colegas | O39: Às vezes | P39: Sempre | Q39: 2 | R39: Sempre | S39: 2 | T39: Nunca / Raramente | U39: 0 | V39: Frequentemente | W39: 1 | X39: Nunca / Raramente | Y39: 0 | Z39: Nunca / Raramente | AA39: 0 | AB39: Nunca / Raramente | AC39: 0 | AD39: Nunca / Raramente | AE39: 0 | AF39: Frequentemente | AG39: 1 | AH39: Nunca / Raramente | AI39: 0 | AJ39: Nunca / Raramente | AK39: 0 | AL39: Sempre | AM39: 2 | AN39: Frequentemente | AO39: 1 | AP39: Nunca / Raramente | AQ39: 0 | AR39: Nunca / Raramente | AS39: 0 | AT39: Frequentemente | AU39: 1 | AV39: =SUM(Q39,S39,U39,W39,Y39,AA39,AC39,AE39,AG39,AI39,AK39,AM39,AO39,AQ39,AS39,AU39) -> 10 | AW39: =IF(Table1[[#This Row],[Pontuação final]]<=2,"Nenhum", IF(Table1[[#This Row],[Pontuação final]]<=12,"Leve", IF(Table1[[#This Row],[Pontuação final]]<=22,"Moderado", "Grave"))) -> Leve
A40: 40 | B40: Masculino | C40: 22 | D40: 110 | E40: 1.86 | F40: Engenharia de Software | G40: P9 | H40: Integral | I40: Estágio ; | K40: Três Corações | L40: Minas Gerais | M40: Sozinho | O40: Às vezes | P40: Sempre | Q40: 2 | R40: Frequentemente | S40: 1 | T40: Nunca / Raramente | U40: 0 | V40: Sempre | W40: 2 | X40: Frequentemente | Y40: 1 | Z40: Frequentemente | AA40: 1 | AB40: Nunca / Raramente | AC40: 0 | AD40: Nunca / Raramente | AE40: 0 | AF40: Frequentemente | AG40: 1 | AH40: Sempre | AI40: 2 | AJ40: Sempre | AK40: 2 | AL40: Frequentemente | AM40: 1 | AN40: Frequentemente | AO40: 1 | AP40: Frequentemente | AQ40: 1 | AR40: Nunca / Raramente | AS40: 0 | AT40: Frequentemente | AU40: 1 | AV40: =SUM(Q40,S40,U40,W40,Y40,AA40,AC40,AE40,AG40,AI40,AK40,AM40,AO40,AQ40,AS40,AU40) -> 16 | AW40: =IF(Table1[[#This Row],[Pontuação final]]<=2,"Nenhum", IF(Table1[[#This Row],[Pontuação final]]<=12,"Leve", IF(Table1[[#This Row],[Pontuação final]]<=22,"Moderado", "Grave"))) -> Moderado
A41: 41 | B41: Feminino | C41: 19 | D41: 51 | E41: 1.61 | F41: Engenharia de Produção | G41: P3 | H41: Integral | I41: Iniciação Científica ; | K41: Campanha | L41: Minas Gerais | M41: Outros | N41: república | O41: Às vezes | P41: Frequentemente | Q41: 1 | R41: Nunca / Raramente | S41: 0 | T41: Frequentemente | U41: 1 | V41: Sempre | W41: 2 | X41: Frequentemente | Y41: 1 | Z41: Nunca / Raramente | AA41: 0 | AB41: Frequentemente | AC41: 1 | AD41: Frequentemente | AE41: 1 | AF41: Frequentemente | AG41: 1 | AH41: Frequentemente | AI41: 1 | AJ41: Nunca / Raramente | AK41: 0 | AL41: Frequentemente | AM41: 1 | AN41: Nunca / Raramente | AO41: 0 | AP41: Frequentemente | AQ41: 1 | AR41: Nunca / Raramente | AS41: 0 | AT41: Frequentemente | AU41: 1 | AV41: =SUM(Q41,S41,U41,W41,Y41,AA41,AC41,AE41,AG41,AI41,AK41,AM41,AO41,AQ41,AS41,AU41) -> 12 | AW41: =IF(Table1[[#This Row],[Pontuação final]]<=2,"Nenhum", IF(Table1[[#This Row],[Pontuação final]]<=12,"Leve", IF(Table1[[#This Row],[Pontuação final]]<=22,"Moderado", "Grave"))) -> Leve
A42: 42 | B42: Feminino | C42: 19 | D42: 58 | E42: 1.72 | F42: Engenharia de Software | G42: P1 | H42: Integral | I42: Outros; | K42: Pouso Alegre | L42: Minas Gerais | M42: Familiares | O42: Sempre | P42: Sempre | Q42: 2 | R42: Sempre | S42: 2 | T42: Sempre | U42: 2 | V42: Sempre | W42: 2 | X42: Sempre | Y42: 2 | Z42: Sempre | AA42: 2 | AB42: Sempre | AC42: 2 | AD42: Sempre | AE42: 2 | AF42: Sempre | AG42: 2 | AH42: Sempre | AI42: 2 | AJ42: Sempre | AK42: 2 | AL42: Sempre | AM42: 2 | AN42: Frequentemente | AO42: 1 | AP42: Sempre | AQ42: 2 | AR42: Nunca / Raramente | AS42: 0 | AT42: Sempre | AU42: 2 | AV42: =SUM(Q42,S42,U42,W42,Y42,AA42,AC42,AE42,AG42,AI42,AK42,AM42,AO42,AQ42,AS42,AU42) -> 29 | AW42: =IF(Table1[[#This Row],[Pontuação final]]<=2,"Nenhum", IF(Table1[[#This Row],[Pontuação final]]<=12,"Leve", IF(Table1[[#This Row],[Pontuação final]]<=22,"Moderado", "Grave"))) -> Grave
A43: 43 | B43: Masculino | C43: 19 | D43: 72 | E43: 1.75 | F43: Engenharia de Software | G43: P3 | H43: Integral | I43: Outros; | J43: Voluntário do Cas@ Viva | K43: Petrópolis | L43: Rio de Janeiro | M43: Sozinho | O43: Às vezes | P43: Sempre | Q43: 2 | R43: Nunca / Raramente | S43: 0 | T43: Frequentemente | U43: 1 | V43: Sempre | W43: 2 | X43: Nunca / Raramente | Y43: 0 | Z43: Frequentemente | AA43: 1 | AB43: Nunca / Raramente | AC43: 0 | AD43: Sempre | AE43: 2 | AF43: Frequentemente | AG43: 1 | AH43: Nunca / Raramente | AI43: 0 | AJ43: Nunca / Raramente | AK43: 0 | AL43: Frequentemente | AM43: 1 | AN43: Nunca / Raramente | AO43: 0 | AP43: Nunca / Raramente | AQ43: 0 | AR43: Sempre | AS43: 2 | AT43: Frequentemente | AU43: 1 | AV43: =SUM(Q43,S43,U43,W43,Y43,AA43,AC43,AE43,AG43,AI43,AK43,AM43,AO43,AQ43,AS43,AU43) -> 13 | AW43: =IF(Table1[[#This Row],[Pontuação final]]<=2,"Nenhum", IF(Table1[[#This Row],[Pontuação final]]<=12,"Leve", IF(Table1[[#This Row],[Pontuação final]]<=22,"Moderado", "Grave"))) -> Moderado
A44: 44 | B44: Masculino | C44: 20 | D44: 85 | E44: 1.67 | F44: Engenharia de Software | G44: P7 | H44: Noturno | I44: Estágio ; | K44: Volta Redonda | L44: Rio de Janeiro | M44: Amigos/colegas | O44: Às vezes | P44: Frequentemente | Q44: 1 | R44: Frequentemente | S44: 1 | T44: Nunca / Raramente | U44: 0 | V44: Frequentemente | W44: 1 | X44: Nunca / Raramente | Y44: 0 | Z44: Nunca / Raramente | AA44: 0 | AB44: Nunca / Raramente | AC44: 0 | AD44: Nunca / Raramente | AE44: 0 | AF44: Frequentemente | AG44: 1 | AH44: Sempre | AI44: 2 | AJ44: Sempre | AK44: 2 | AL44: Frequentemente | AM44: 1 | AN44: Frequentemente | AO44: 1 | AP44: Nunca / Raramente | AQ44: 0 | AR44: Nunca / Raramente | AS44: 0 | AT44: Frequentemente | AU44: 1 | AV44: =SUM(Q44,S44,U44,W44,Y44,AA44,AC44,AE44,AG44,AI44,AK44,AM44,AO44,AQ44,AS44,AU44) -> 11 | AW44: =IF(Table1[[#This Row],[Pontuação final]]<=2,"Nenhum", IF(Table1[[#This Row],[Pontuação final]]<=12,"Leve", IF(Table1[[#This Row],[Pontuação final]]<=22,"Moderado", "Grave"))) -> Leve
A45: 45 | B45: Masculino | C45: 26 | D45: 80 | E45: 1.7 | F45: Engenharia de Computação | G45: P10 | H45: Integral | I45: Outros; | K45: Governador Valadares | L45: Minas Gerais | M45: Outros | N45: republica | O45: Às vezes | P45: Sempre | Q45: 2 | R45: Nunca / Raramente | S45: 0 | T45: Frequentemente | U45: 1 | V45: Sempre | W45: 2 | X45: Frequentemente | Y45: 1 | Z45: Nunca / Raramente | AA45: 0 | AB45: Frequentemente | AC45: 1 | AD45: Nunca / Raramente | AE45: 0 | AF45: Frequentemente | AG45: 1 | AH45: Frequentemente | AI45: 1 | AJ45: Frequentemente | AK45: 1 | AL45: Sempre | AM45: 2 | AN45: Frequentemente | AO45: 1 | AP45: Frequentemente | AQ45: 1 | AR45: Nunca / Raramente | AS45: 0 | AT45: Sempre | AU45: 2 | AV45: =SUM(Q45,S45,U45,W45,Y45,AA45,AC45,AE45,AG45,AI45,AK45,AM45,AO45,AQ45,AS45,AU45) -> 16 | AW45: =IF(Table1[[#This Row],[Pontuação final]]<=2,"Nenhum", IF(Table1[[#This Row],[Pontuação final]]<=12,"Leve", IF(Table1[[#This Row],[Pontuação final]]<=22,"Moderado", "Grave"))) -> Moderado
A46: 46 | B46: Feminino | C46: 19 | D46: 60 | E46: 1.7 | F46: Engenharia de Computação | G46: P3 | H46: Noturno | I46: Estágio ; | K46: Conceição do Rio Verde | L46: Minas Gerais | M46: Amigos/colegas | O46: Sempre | P46: Sempre | Q46: 2 | R46: Sempre | S46: 2 | T46: Sempre | U46: 2 | V46: Sempre | W46: 2 | X46: Nunca / Raramente | Y46: 0 | Z46: Nunca / Raramente | AA46: 0 | AB46: Frequentemente | AC46: 1 | AD46: Sempre | AE46: 2 | AF46: Sempre | AG46: 2 | AH46: Nunca / Raramente | AI46: 0 | AJ46: Sempre | AK46: 2 | AL46: Sempre | AM46: 2 | AN46: Nunca / Raramente | AO46: 0 | AP46: Nunca / Raramente | AQ46: 0 | AR46: Nunca / Raramente | AS46: 0 | AT46: Sempre | AU46: 2 | AV46: =SUM(Q46,S46,U46,W46,Y46,AA46,AC46,AE46,AG46,AI46,AK46,AM46,AO46,AQ46,AS46,AU46) -> 19 | AW46: =IF(Table1[[#This Row],[Pontuação final]]<=2,"Nenhum", IF(Table1[[#This Row],[Pontuação final]]<=12,"Leve", IF(Table1[[#This Row],[Pontuação final]]<=22,"Moderado", "Grave"))) -> Moderado
A47: 47 | B47: Masculino | C47: 26 | D47: 75 | E47: 1.73 | F47: Engenharia de Telecomunicações | G47: P7 | H47: Noturno | I47: Trabalho ; | K47: Santa Rita do Sapucaí | L47: Minas Gerais | M47: Familiares | O47: Às vezes | P47: Sempre | Q47: 2 | R47: Sempre | S47: 2 | T47: Nunca / Raramente | U47: 0 | V47: Frequentemente | W47: 1 | X47: Nunca / Raramente | Y47: 0 | Z47: Nunca / Raramente | AA47: 0 | AB47: Nunca / Raramente | AC47: 0 | AD47: Nunca / Raramente | AE47: 0 | AF47: Frequentemente | AG47: 1 | AH47: Frequentemente | AI47: 1 | AJ47: Frequentemente | AK47: 1 | AL47: Sempre | AM47: 2 | AN47: Nunca / Raramente | AO47: 0 | AP47: Nunca / Raramente | AQ47: 0 | AR47: Sempre | AS47: 2 | AT47: Sempre | AU47: 2 | AV47: =SUM(Q47,S47,U47,W47,Y47,AA47,AC47,AE47,AG47,AI47,AK47,AM47,AO47,AQ47,AS47,AU47) -> 14 | AW47: =IF(Table1[[#This Row],[Pontuação final]]<=2,"Nenhum", IF(Table1[[#This Row],[Pontuação final]]<=12,"Leve", IF(Table1[[#This Row],[Pontuação final]]<=22,"Moderado", "Grave"))) -> Moderado
A48: 48 | B48: Masculino | C48: 26 | D48: 95 | E48: 1.8 | F48: Engenharia de Controle e Automação | G48: P9 | H48: Noturno | I48: Trabalho ; | K48: Santa Rita do Sapucaí | L48: Minas Gerais | M48: Sozinho | O48: Às vezes | P48: Sempre | Q48: 2 | R48: Nunca / Raramente | S48: 0 | T48: Frequentemente | U48: 1 | V48: Sempre | W48: 2 | X48: Nunca / Raramente | Y48: 0 | Z48: Frequentemente | AA48: 1 | AB48: Frequentemente | AC48: 1 | AD48: Frequentemente | AE48: 1 | AF48: Frequentemente | AG48: 1 | AH48: Sempre | AI48: 2 | AJ48: Sempre | AK48: 2 | AL48: Sempre | AM48: 2 | AN48: Nunca / Raramente | AO48: 0 | AP48: Nunca / Raramente | AQ48: 0 | AR48: Frequentemente | AS48: 1 | AT48: Sempre | AU48: 2 | AV48: =SUM(Q48,S48,U48,W48,Y48,AA48,AC48,AE48,AG48,AI48,AK48,AM48,AO48,AQ48,AS48,AU48) -> 18 | AW48: =IF(Table1[[#This Row],[Pontuação final]]<=2,"Nenhum", IF(Table1[[#This Row],[Pontuação final]]<=12,"Leve", IF(Table1[[#This Row],[Pontuação final]]<=22,"Moderado", "Grave"))) -> Moderado
A49: 49 | B49: Masculino | C49: 24 | D49: 78 | E49: 1.78 | F49: Engenharia de Computação | G49: P9 | H49: Noturno | I49: Trabalho ; | K49: Santa Rita do Sapucaí | L49: Minas Gerais | M49: Familiares | O49: Às vezes | P49: Frequentemente | Q49: 1 | R49: Nunca / Raramente | S49: 0 | T49: Nunca / Raramente | U49: 0 | V49: Frequentemente | W49: 1 | X49: Nunca / Raramente | Y49: 0 | Z49: Nunca / Raramente | AA49: 0 | AB49: Nunca / Raramente | AC49: 0 | AD49: Nunca / Raramente | AE49: 0 | AF49: Sempre | AG49: 2 | AH49: Sempre | AI49: 2 | AJ49: Nunca / Raramente | AK49: 0 | AL49: Frequentemente | AM49: 1 | AN49: Nunca / Raramente | AO49: 0 | AP49: Nunca / Raramente | AQ49: 0 | AR49: Nunca / Raramente | AS49: 0 | AT49: Sempre | AU49: 2 | AV49: =SUM(Q49,S49,U49,W49,Y49,AA49,AC49,AE49,AG49,AI49,AK49,AM49,AO49,AQ49,AS49,AU49) -> 9 | AW49: =IF(Table1[[#This Row],[Pontuação final]]<=2,"Nenhum", IF(Table1[[#This Row],[Pontuação final]]<=12,"Leve", IF(Table1[[#This Row],[Pontuação final]]<=22,"Moderado", "Grave"))) -> Leve
A50: 50 | B50: Masculino | C50: 21 | D50: 65 | E50: 1.68 | F50: Engenharia de Software | G50: P4 | H50: Integral | I50: Outros; | K50: Machado | L50: Minas Gerais | M50: Sozinho | O50: Sempre | P50: Sempre | Q50: 2 | R50: Sempre | S50: 2 | T50: Nunca / Raramente | U50: 0 | V50: Sempre | W50: 2 | X50: Frequentemente | Y50: 1 | Z50: Nunca / Raramente | AA50: 0 | AB50: Nunca / Raramente | AC50: 0 | AD50: Sempre | AE50: 2 | AF50: Frequentemente | AG50: 1 | AH50: Frequentemente | AI50: 1 | AJ50: Sempre | AK50: 2 | AL50: Sempre | AM50: 2 | AN50: Frequentemente | AO50: 1 | AP50: Frequentemente | AQ50: 1 | AR50: Nunca / Raramente | AS50: 0 | AT50: Sempre | AU50: 2 | AV50: =SUM(Q50,S50,U50,W50,Y50,AA50,AC50,AE50,AG50,AI50,AK50,AM50,AO50,AQ50,AS50,AU50) -> 19 | AW50: =IF(Table1[[#This Row],[Pontuação final]]<=2,"Nenhum", IF(Table1[[#This Row],[Pontuação final]]<=12,"Leve", IF(Table1[[#This Row],[Pontuação final]]<=22,"Moderado", "Grave"))) -> Moderado
A51: 51 | B51: Feminino | C51: 23 | D51: 64 | E51: 1.59 | F51: Engenharia de Software | G51: P6 | H51: Noturno | I51: Trabalho ; | K51: Santa Rita do Sapucaí | L51: Minas Gerais | M51: Sozinho | O51: Nunca | P51: Sempre | Q51: 2 | R51: Frequentemente | S51: 1 | T51: Frequentemente | U51: 1 | V51: Sempre | W51: 2 | X51: Frequentemente | Y51: 1 | Z51: Frequentemente | AA51: 1 | AB51: Frequentemente | AC51: 1 | AD51: Nunca / Raramente | AE51: 0 | AF51: Sempre | AG51: 2 | AH51: Sempre | AI51: 2 | AJ51: Sempre | AK51: 2 | AL51: Frequentemente | AM51: 1 | AN51: Frequentemente | AO51: 1 | AP51: Frequentemente | AQ51: 1 | AR51: Frequentemente | AS51: 1 | AT51: Frequentemente | AU51: 1 | AV51: =SUM(Q51,S51,U51,W51,Y51,AA51,AC51,AE51,AG51,AI51,AK51,AM51,AO51,AQ51,AS51,AU51) -> 20 | AW51: =IF(Table1[[#This Row],[Pontuação final]]<=2,"Nenhum", IF(Table1[[#This Row],[Pontuação final]]<=12,"Leve", IF(Table1[[#This Row],[Pontuação final]]<=22,"Moderado", "Grave"))) -> Moderado
A52: 52 | B52: Feminino | C52: 20 | D52: 64 | E52: 1.58 | F52: Engenharia de Software | G52: P5 | H52: Integral | I52: Outros; | J52: Crea jr | K52: Vitória | L52: Espírito Santo | M52: Familiares | O52: Às vezes | P52: Frequentemente | Q52: 1 | R52: Sempre | S52: 2 | T52: Nunca / Raramente | U52: 0 | V52: Sempre | W52: 2 | X52: Nunca / Raramente | Y52: 0 | Z52: Nunca / Raramente | AA52: 0 | AB52: Sempre | AC52: 2 | AD52: Sempre | AE52: 2 | AF52: Frequentemente | AG52: 1 | AH52: Sempre | AI52: 2 | AJ52: Nunca / Raramente | AK52: 0 | AL52: Sempre | AM52: 2 | AN52: Frequentemente | AO52: 1 | AP52: Frequentemente | AQ52: 1 | AR52: Sempre | AS52: 2 | AT52: Sempre | AU52: 2 | AV52: =SUM(Q52,S52,U52,W52,Y52,AA52,AC52,AE52,AG52,AI52,AK52,AM52,AO52,AQ52,AS52,AU52) -> 20 | AW52: =IF(Table1[[#This Row],[Pontuação final]]<=2,"Nenhum", IF(Table1[[#This Row],[Pontuação final]]<=12,"Leve", IF(Table1[[#This Row],[Pontuação final]]<=22,"Moderado", "Grave"))) -> Moderado
A53: 53 | B53: Masculino | C53: 25 | D53: 84 | E53: 1.85 | F53: Engenharia Biomédica | G53: P7 | H53: Noturno | I53: Iniciação Científica ;Monitoria ; | K53: Carmo da Cachoeira | L53: Minas Gerais | M53: Sozinho | O53: Às vezes | P53: Sempre | Q53: 2 | R53: Nunca / Raramente | S53: 0 | T53: Sempre | U53: 2 | V53: Sempre | W53: 2 | X53: Sempre | Y53: 2 | Z53: Frequentemente | AA53: 1 | AB53: Sempre | AC53: 2 | AD53: Sempre | AE53: 2 | AF53: Frequentemente | AG53: 1 | AH53: Sempre | AI53: 2 | AJ53: Sempre | AK53: 2 | AL53: Sempre | AM53: 2 | AN53: Nunca / Raramente | AO53: 0 | AP53: Nunca / Raramente | AQ53: 0 | AR53: Sempre | AS53: 2 | AT53: Sempre | AU53: 2 | AV53: =SUM(Q53,S53,U53,W53,Y53,AA53,AC53,AE53,AG53,AI53,AK53,AM53,AO53,AQ53,AS53,AU53) -> 24 | AW53: =IF(Table1[[#This Row],[Pontuação final]]<=2,"Nenhum", IF(Table1[[#This Row],[Pontuação final]]<=12,"Leve", IF(Table1[[#This Row],[Pontuação final]]<=22,"Moderado", "Grave"))) -> Grave
A54: 54 | B54: Feminino | C54: 19 | D54: 62 | E54: 1.65 | F54: Engenharia Elétrica | G54: P3 | H54: Integral | I54: Iniciação Científica ;Outros; | J54: Integrante da equipe Robotbulls | K54: Borda da Mata | L54: Minas Gerais | M54: Sozinho | O54: Sempre | P54: Sempre | Q54: 2 | R54: Nunca / Raramente | S54: 0 | T54: Sempre | U54: 2 | V54: Sempre | W54: 2 | X54: Frequentemente | Y54: 1 | Z54: Frequentemente | AA54: 1 | AB54: Nunca / Raramente | AC54: 0 | AD54: Frequentemente | AE54: 1 | AF54: Sempre | AG54: 2 | AH54: Frequentemente | AI54: 1 | AJ54: Sempre | AK54: 2 | AL54: Sempre | AM54: 2 | AN54: Frequentemente | AO54: 1 | AP54: Nunca / Raramente | AQ54: 0 | AR54: Frequentemente | AS54: 1 | AT54: Sempre | AU54: 2 | AV54: =SUM(Q54,S54,U54,W54,Y54,AA54,AC54,AE54,AG54,AI54,AK54,AM54,AO54,AQ54,AS54,AU54) -> 20 | AW54: =IF(Table1[[#This Row],[Pontuação final]]<=2,"Nenhum", IF(Table1[[#This Row],[Pontuação final]]<=12,"Leve", IF(Table1[[#This Row],[Pontuação final]]<=22,"Moderado", "Grave"))) -> Moderado
A55: 55 | B55: Masculino | C55: 18 | D55: 73 | E55: 1.73 | F55: Engenharia de Computação | G55: P1 | H55: Noturno | I55: Trabalho ; | K55: São Paulo | L55: São Paulo | M55: Amigos/colegas | O55: Nunca | P55: Sempre | Q55: 2 | R55: Frequentemente | S55: 1 | T55: Sempre | U55: 2 | V55: Sempre | W55: 2 | X55: Nunca / Raramente | Y55: 0 | Z55: Nunca / Raramente | AA55: 0 | AB55: Nunca / Raramente | AC55: 0 | AD55: Sempre | AE55: 2 | AF55: Frequentemente | AG55: 1 | AH55: Frequentemente | AI55: 1 | AJ55: Nunca / Raramente | AK55: 0 | AL55: Sempre | AM55: 2 | AN55: Frequentemente | AO55: 1 | AP55: Nunca / Raramente | AQ55: 0 | AR55: Nunca / Raramente | AS55: 0 | AT55: Sempre | AU55: 2 | AV55: =SUM(Q55,S55,U55,W55,Y55,AA55,AC55,AE55,AG55,AI55,AK55,AM55,AO55,AQ55,AS55,AU55) -> 16 | AW55: =IF(Table1[[#This Row],[Pontuação final]]<=2,"Nenhum", IF(Table1[[#This Row],[Pontuação final]]<=12,"Leve", IF(Table1[[#This Row],[Pontuação final]]<=22,"Moderado", "Grave"))) -> Moderado
A56: 56 | B56: Masculino | C56: 18 | D56: 76 | E56: 1.86 | F56: Engenharia de Controle e Automação | G56: P3 | H56: Integral | I56: Estágio ; | K56: Machado | L56: Minas Gerais | M56: Sozinho | O56: Sempre | P56: Sempre | Q56: 2 | R56: Nunca / Raramente | S56: 0 | T56: Nunca / Raramente | U56: 0 | V56: Sempre | W56: 2 | X56: Nunca / Raramente | Y56: 0 | Z56: Nunca / Raramente | AA56: 0 | AB56: Nunca / Raramente | AC56: 0 | AD56: Nunca / Raramente | AE56: 0 | AF56: Frequentemente | AG56: 1 | AH56: Sempre | AI56: 2 | AJ56: Sempre | AK56: 2 | AL56: Sempre | AM56: 2 | AN56: Nunca / Raramente | AO56: 0 | AP56: Nunca / Raramente | AQ56: 0 | AR56: Nunca / Raramente | AS56: 0 | AT56: Frequentemente | AU56: 1 | AV56: =SUM(Q56,S56,U56,W56,Y56,AA56,AC56,AE56,AG56,AI56,AK56,AM56,AO56,AQ56,AS56,AU56) -> 12 | AW56: =IF(Table1[[#This Row],[Pontuação final]]<=2,"Nenhum", IF(Table1[[#This Row],[Pontuação final]]<=12,"Leve", IF(Table1[[#This Row],[Pontuação final]]<=22,"Moderado", "Grave"))) -> Leve
A57: 57 | B57: Feminino | C57: 19 | D57: 70 | E57: 1.66 | F57: Engenharia de Software | G57: P2 | H57: Noturno | I57: Estágio ; | K57: Cachoeira de Minas | L57: Minas Gerais | M57: Familiares | O57: Sempre | P57: Sempre | Q57: 2 | R57: Frequentemente | S57: 1 | T57: Nunca / Raramente | U57: 0 | V57: Sempre | W57: 2 | X57: Frequentemente | Y57: 1 | Z57: Frequentemente | AA57: 1 | AB57: Sempre | AC57: 2 | AD57: Frequentemente | AE57: 1 | AF57: Sempre | AG57: 2 | AH57: Sempre | AI57: 2 | AJ57: Sempre | AK57: 2 | AL57: Sempre | AM57: 2 | AN57: Frequentemente | AO57: 1 | AP57: Sempre | AQ57: 2 | AR57: Nunca / Raramente | AS57: 0 | AT57: Sempre | AU57: 2 | AV57: =SUM(Q57,S57,U57,W57,Y57,AA57,AC57,AE57,AG57,AI57,AK57,AM57,AO57,AQ57,AS57,AU57) -> 23 | AW57: =IF(Table1[[#This Row],[Pontuação final]]<=2,"Nenhum", IF(Table1[[#This Row],[Pontuação final]]<=12,"Leve", IF(Table1[[#This Row],[Pontuação final]]<=22,"Moderado", "Grave"))) -> Grave
A58: 58 | B58: Masculino | C58: 17 | D58: 103 | E58: 1.84 | F58: Engenharia de Computação | G58: P1 | H58: Integral | I58: Outros; | K58: Tremembé | L58: São Paulo | M58: Sozinho | O58: Às vezes | P58: Sempre | Q58: 2 | R58: Nunca / Raramente | S58: 0 | T58: Nunca / Raramente | U58: 0 | V58: Sempre | W58: 2 | X58: Frequentemente | Y58: 1 | Z58: Nunca / Raramente | AA58: 0 | AB58: Nunca / Raramente | AC58: 0 | AD58: Nunca / Raramente | AE58: 0 | AF58: Frequentemente | AG58: 1 | AH58: Frequentemente | AI58: 1 | AJ58: Frequentemente | AK58: 1 | AL58: Sempre | AM58: 2 | AN58: Frequentemente | AO58: 1 | AP58: Nunca / Raramente | AQ58: 0 | AR58: Nunca / Raramente | AS58: 0 | AT58: Sempre | AU58: 2 | AV58: =SUM(Q58,S58,U58,W58,Y58,AA58,AC58,AE58,AG58,AI58,AK58,AM58,AO58,AQ58,AS58,AU58) -> 13 | AW58: =IF(Table1[[#This Row],[Pontuação final]]<=2,"Nenhum", IF(Table1[[#This Row],[Pontuação final]]<=12,"Leve", IF(Table1[[#This Row],[Pontuação final]]<=22,"Moderado", "Grave"))) -> Moderado
A59: 59 | B59: Masculino | C59: 20 | D59: 60 | E59: 1.8 | F59: Engenharia de Software | G59: P1 | H59: Noturno | I59: Outros; | K59: Cambuquira | L59: Minas Gerais | M59: Sozinho | O59: Às vezes | P59: Sempre | Q59: 2 | R59: Nunca / Raramente | S59: 0 | T59: Nunca / Raramente | U59: 0 | V59: Sempre | W59: 2 | X59: Frequentemente | Y59: 1 | Z59: Frequentemente | AA59: 1 | AB59: Nunca / Raramente | AC59: 0 | AD59: Nunca / Raramente | AE59: 0 | AF59: Nunca / Raramente | AG59: 0 | AH59: Sempre | AI59: 2 | AJ59: Sempre | AK59: 2 | AL59: Frequentemente | AM59: 1 | AN59: Nunca / Raramente | AO59: 0 | AP59: Frequentemente | AQ59: 1 | AR59: Nunca / Raramente | AS59: 0 | AT59: Frequentemente | AU59: 1 | AV59: =SUM(Q59,S59,U59,W59,Y59,AA59,AC59,AE59,AG59,AI59,AK59,AM59,AO59,AQ59,AS59,AU59) -> 13 | AW59: =IF(Table1[[#This Row],[Pontuação final]]<=2,"Nenhum", IF(Table1[[#This Row],[Pontuação final]]<=12,"Leve", IF(Table1[[#This Row],[Pontuação final]]<=22,"Moderado", "Grave"))) -> Moderado
A60: 60 | B60: Feminino | C60: 23 | D60: 46 | E60: 1.52 | F60: Engenharia de Controle e Automação | G60: P8 | H60: Integral | I60: Outros; | J60: Atualmente em intercâmbio. mas já participei da Monitoria e Iniciação Científica. | K60: Jaú | L60: São Paulo | M60: Sozinho | O60: Sempre | P60: Sempre | Q60: 2 | R60: Nunca / Raramente | S60: 0 | T60: Frequentemente | U60: 1 | V60: Sempre | W60: 2 | X60: Frequentemente | Y60: 1 | Z60: Frequentemente | AA60: 1 | AB60: Nunca / Raramente | AC60: 0 | AD60: Sempre | AE60: 2 | AF60: Frequentemente | AG60: 1 | AH60: Frequentemente | AI60: 1 | AJ60: Sempre | AK60: 2 | AL60: Frequentemente | AM60: 1 | AN60: Nunca / Raramente | AO60: 0 | AP60: Nunca / Raramente | AQ60: 0 | AR60: Nunca / Raramente | AS60: 0 | AT60: Frequentemente | AU60: 1 | AV60: =SUM(Q60,S60,U60,W60,Y60,AA60,AC60,AE60,AG60,AI60,AK60,AM60,AO60,AQ60,AS60,AU60) -> 15 | AW60: =IF(Table1[[#This Row],[Pontuação final]]<=2,"Nenhum", IF(Table1[[#This Row],[Pontuação final]]<=12,"Leve", IF(Table1[[#This Row],[Pontuação final]]<=22,"Moderado", "Grave"))) -> Moderado
A61: 61 | B61: Masculino | C61: 21 | D61: 57 | E61: 1.65 | F61: Engenharia de Computação | G61: P8 | H61: Noturno | I61: Estágio ; | K61: Varginha | L61: Minas Gerais | M61: Sozinho | O61: Às vezes | P61: Frequentemente | Q61: 1 | R61: Nunca / Raramente | S61: 0 | T61: Nunca / Raramente | U61: 0 | V61: Frequentemente | W61: 1 | X61: Frequentemente | Y61: 1 | Z61: Nunca / Raramente | AA61: 0 | AB61: Nunca / Raramente | AC61: 0 | AD61: Nunca / Raramente | AE61: 0 | AF61: Frequentemente | AG61: 1 | AH61: Nunca / Raramente | AI61: 0 | AJ61: Nunca / Raramente | AK61: 0 | AL61: Nunca / Raramente | AM61: 0 | AN61: Nunca / Raramente | AO61: 0 | AP61: Nunca / Raramente | AQ61: 0 | AR61: Nunca / Raramente | AS61: 0 | AT61: Frequentemente | AU61: 1 | AV61: =SUM(Q61,S61,U61,W61,Y61,AA61,AC61,AE61,AG61,AI61,AK61,AM61,AO61,AQ61,AS61,AU61) -> 5 | AW61: =IF(Table1[[#This Row],[Pontuação final]]<=2,"Nenhum", IF(Table1[[#This Row],[Pontuação final]]<=12,"Leve", IF(Table1[[#This Row],[Pontuação final]]<=22,"Moderado", "Grave"))) -> Leve
A62: 62 | B62: Masculino | C62: 20 | D62: 69 | E62: 1.76 | F62: Engenharia Elétrica | G62: P1 | H62: Noturno | I62: Trabalho ; | K62: Pouso alegre | L62: Minas Gerais | M62: Sozinho | O62: Nunca | P62: Sempre | Q62: 2 | R62: Sempre | S62: 2 | T62: Nunca / Raramente | U62: 0 | V62: Sempre | W62: 2 | X62: Nunca / Raramente | Y62: 0 | Z62: Nunca / Raramente | AA62: 0 | AB62: Frequentemente | AC62: 1 | AD62: Nunca / Raramente | AE62: 0 | AF62: Frequentemente | AG62: 1 | AH62: Sempre | AI62: 2 | AJ62: Frequentemente | AK62: 1 | AL62: Sempre | AM62: 2 | AN62: Frequentemente | AO62: 1 | AP62: Nunca / Raramente | AQ62: 0 | AR62: Frequentemente | AS62: 1 | AT62: Sempre | AU62: 2 | AV62: =SUM(Q62,S62,U62,W62,Y62,AA62,AC62,AE62,AG62,AI62,AK62,AM62,AO62,AQ62,AS62,AU62) -> 17 | AW62: =IF(Table1[[#This Row],[Pontuação final]]<=2,"Nenhum", IF(Table1[[#This Row],[Pontuação final]]<=12,"Leve", IF(Table1[[#This Row],[Pontuação final]]<=22,"Moderado", "Grave"))) -> Moderado
A63: 63 | B63: Feminino | C63: 24 | D63: 72 | E63: 1.63 | F63: Engenharia de Controle e Automação | G63: P8 | H63: Noturno | I63: Trabalho ; | K63: Santa Rita do Sapucaí | L63: Minas Gerais | M63: Familiares | O63: Às vezes | P63: Sempre | Q63: 2 | R63: Sempre | S63: 2 | T63: Nunca / Raramente | U63: 0 | V63: Sempre | W63: 2 | X63: Frequentemente | Y63: 1 | Z63: Frequentemente | AA63: 1 | AB63: Frequentemente | AC63: 1 | AD63: Frequentemente | AE63: 1 | AF63: Frequentemente | AG63: 1 | AH63: Frequentemente | AI63: 1 | AJ63: Nunca / Raramente | AK63: 0 | AL63: Frequentemente | AM63: 1 | AN63: Nunca / Raramente | AO63: 0 | AP63: Frequentemente | AQ63: 1 | AR63: Frequentemente | AS63: 1 | AT63: Nunca / Raramente | AU63: 0 | AV63: =SUM(Q63,S63,U63,W63,Y63,AA63,AC63,AE63,AG63,AI63,AK63,AM63,AO63,AQ63,AS63,AU63) -> 15 | AW63: =IF(Table1[[#This Row],[Pontuação final]]<=2,"Nenhum", IF(Table1[[#This Row],[Pontuação final]]<=12,"Leve", IF(Table1[[#This Row],[Pontuação final]]<=22,"Moderado", "Grave"))) -> Moderado
A64: 64 | B64: Masculino | C64: 19 | D64: 68 | E64: 1.76 | F64: Engenharia de Software | G64: P1 | H64: Integral | I64: Outros; | K64: Caxambu | L64: Minas Gerais | M64: Amigos/colegas | O64: Às vezes | P64: Sempre | Q64: 2 | R64: Nunca / Raramente | S64: 0 | T64: Sempre | U64: 2 | V64: Sempre | W64: 2 | X64: Nunca / Raramente | Y64: 0 | Z64: Nunca / Raramente | AA64: 0 | AB64: Nunca / Raramente | AC64: 0 | AD64: Nunca / Raramente | AE64: 0 | AF64: Nunca / Raramente | AG64: 0 | AH64: Frequentemente | AI64: 1 | AJ64: Sempre | AK64: 2 | AL64: Nunca / Raramente | AM64: 0 | AN64: Nunca / Raramente | AO64: 0 | AP64: Nunca / Raramente | AQ64: 0 | AR64: Nunca / Raramente | AS64: 0 | AT64: Nunca / Raramente | AU64: 0 | AV64: =SUM(Q64,S64,U64,W64,Y64,AA64,AC64,AE64,AG64,AI64,AK64,AM64,AO64,AQ64,AS64,AU64) -> 9 | AW64: =IF(Table1[[#This Row],[Pontuação final]]<=2,"Nenhum", IF(Table1[[#This Row],[Pontuação final]]<=12,"Leve", IF(Table1[[#This Row],[Pontuação final]]<=22,"Moderado", "Grave"))) -> Leve
A65: 65 | B65: Masculino | C65: 20 | D65: 85 | E65: 1.84 | F65: Engenharia de Controle e Automação | G65: P5 | H65: Integral | I65: Iniciação Científica ; | K65: Inconfidentes | L65: Minas Gerais | M65: Sozinho | O65: Nunca | P65: Frequentemente | Q65: 1 | R65: Frequentemente | S65: 1 | T65: Nunca / Raramente | U65: 0 | V65: Frequentemente | W65: 1 | X65: Nunca / Raramente | Y65: 0 | Z65: Nunca / Raramente | AA65: 0 | AB65: Nunca / Raramente | AC65: 0 | AD65: Nunca / Raramente | AE65: 0 | AF65: Nunca / Raramente | AG65: 0 | AH65: Frequentemente | AI65: 1 | AJ65: Sempre | AK65: 2 | AL65: Frequentemente | AM65: 1 | AN65: Nunca / Raramente | AO65: 0 | AP65: Nunca / Raramente | AQ65: 0 | AR65: Nunca / Raramente | AS65: 0 | AT65: Frequentemente | AU65: 1 | AV65: =SUM(Q65,S65,U65,W65,Y65,AA65,AC65,AE65,AG65,AI65,AK65,AM65,AO65,AQ65,AS65,AU65) -> 8 | AW65: =IF(Table1[[#This Row],[Pontuação final]]<=2,"Nenhum", IF(Table1[[#This Row],[Pontuação final]]<=12,"Leve", IF(Table1[[#This Row],[Pontuação final]]<=22,"Moderado", "Grave"))) -> Leve
A66: 66 | B66: Feminino | C66: 20 | D66: 57 | E66: 1.7 | F66: Engenharia de Computação | G66: P5 | H66: Integral | I66: Iniciação Científica ; | K66: Santa Rita do Sapucaí | L66: Minas Gerais | M66: Sozinho | O66: Sempre | P66: Sempre | Q66: 2 | R66: Frequentemente | S66: 1 | T66: Frequentemente | U66: 1 | V66: Frequentemente | W66: 1 | X66: Frequentemente | Y66: 1 | Z66: Frequentemente | AA66: 1 | AB66: Frequentemente | AC66: 1 | AD66: Frequentemente | AE66: 1 | AF66: Frequentemente | AG66: 1 | AH66: Nunca / Raramente | AI66: 0 | AJ66: Sempre | AK66: 2 | AL66: Frequentemente | AM66: 1 | AN66: Nunca / Raramente | AO66: 0 | AP66: Frequentemente | AQ66: 1 | AR66: Nunca / Raramente | AS66: 0 | AT66: Sempre | AU66: 2 | AV66: =SUM(Q66,S66,U66,W66,Y66,AA66,AC66,AE66,AG66,AI66,AK66,AM66,AO66,AQ66,AS66,AU66) -> 16 | AW66: =IF(Table1[[#This Row],[Pontuação final]]<=2,"Nenhum", IF(Table1[[#This Row],[Pontuação final]]<=12,"Leve", IF(Table1[[#This Row],[Pontuação final]]<=22,"Moderado", "Grave"))) -> Moderado
A67: 67 | B67: Feminino | C67: 23 | D67: 102 | E67: 1.69 | F67: Engenharia de Software | G67: P4 | H67: Noturno | I67: Trabalho ; | K67: Santa Rita do Sapucaí | L67: Minas Gerais | M67: Familiares | O67: Nunca | P67: Sempre | Q67: 2 | R67: Sempre | S67: 2 | T67: Sempre | U67: 2 | V67: Sempre | W67: 2 | X67: Frequentemente | Y67: 1 | Z67: Frequentemente | AA67: 1 | AB67: Frequentemente | AC67: 1 | AD67: Nunca / Raramente | AE67: 0 | AF67: Sempre | AG67: 2 | AH67: Sempre | AI67: 2 | AJ67: Nunca / Raramente | AK67: 0 | AL67: Frequentemente | AM67: 1 | AN67: Frequentemente | AO67: 1 | AP67: Nunca / Raramente | AQ67: 0 | AR67: Nunca / Raramente | AS67: 0 | AT67: Sempre | AU67: 2 | AV67: =SUM(Q67,S67,U67,W67,Y67,AA67,AC67,AE67,AG67,AI67,AK67,AM67,AO67,AQ67,AS67,AU67) -> 19 | AW67: =IF(Table1[[#This Row],[Pontuação final]]<=2,"Nenhum", IF(Table1[[#This Row],[Pontuação final]]<=12,"Leve", IF(Table1[[#This Row],[Pontuação final]]<=22,"Moderado", "Grave"))) -> Moderado
A68: 68 | B68: Masculino | C68: 20 | D68: 78 | E68: 1.83 | F68: Engenharia de Computação | G68: P7 | H68: Integral | I68: Iniciação Científica ;Monitoria ; | K68: Três Pontas | L68: Minas Gerais | M68: Familiares | O68: Sempre | P68: Sempre | Q68: 2 | R68: Frequentemente | S68: 1 | T68: Frequentemente | U68: 1 | V68: Sempre | W68: 2 | X68: Frequentemente | Y68: 1 | Z68: Nunca / Raramente | AA68: 0 | AB68: Frequentemente | AC68: 1 | AD68: Nunca / Raramente | AE68: 0 | AF68: Sempre | AG68: 2 | AH68: Sempre | AI68: 2 | AJ68: Sempre | AK68: 2 | AL68: Sempre | AM68: 2 | AN68: Frequentemente | AO68: 1 | AP68: Frequentemente | AQ68: 1 | AR68: Nunca / Raramente | AS68: 0 | AT68: Sempre | AU68: 2 | AV68: =SUM(Q68,S68,U68,W68,Y68,AA68,AC68,AE68,AG68,AI68,AK68,AM68,AO68,AQ68,AS68,AU68) -> 20 | AW68: =IF(Table1[[#This Row],[Pontuação final]]<=2,"Nenhum", IF(Table1[[#This Row],[Pontuação final]]<=12,"Leve", IF(Table1[[#This Row],[Pontuação final]]<=22,"Moderado", "Grave"))) -> Moderado
A69: 69 | B69: Masculino | C69: 21 | D69: 84 | E69: 1.76 | F69: Engenharia de Computação | G69: P7 | H69: Integral | I69: Iniciação Científica ; | K69: Cachoeira de Minas | L69: Minas Gerais | M69: Familiares | O69: Às vezes | P69: Sempre | Q69: 2 | R69: Nunca / Raramente | S69: 0 | T69: Frequentemente | U69: 1 | V69: Sempre | W69: 2 | X69: Sempre | Y69: 2 | Z69: Nunca / Raramente | AA69: 0 | AB69: Frequentemente | AC69: 1 | AD69: Nunca / Raramente | AE69: 0 | AF69: Sempre | AG69: 2 | AH69: Frequentemente | AI69: 1 | AJ69: Nunca / Raramente | AK69: 0 | AL69: Frequentemente | AM69: 1 | AN69: Nunca / Raramente | AO69: 0 | AP69: Nunca / Raramente | AQ69: 0 | AR69: Nunca / Raramente | AS69: 0 | AT69: Sempre | AU69: 2 | AV69: =SUM(Q69,S69,U69,W69,Y69,AA69,AC69,AE69,AG69,AI69,AK69,AM69,AO69,AQ69,AS69,AU69) -> 14 | AW69: =IF(Table1[[#This Row],[Pontuação final]]<=2,"Nenhum", IF(Table1[[#This Row],[Pontuação final]]<=12,"Leve", IF(Table1[[#This Row],[Pontuação final]]<=22,"Moderado", "Grave"))) -> Moderado
A70: 70 | B70: Feminino | C70: 19 | D70: 63 | E70: 1.7 | F70: Engenharia de Software | G70: P3 | H70: Integral | I70: Outros; | K70: Pouso Alegre | L70: Minas Gerais | M70: Sozinho | O70: Às vezes | P70: Sempre | Q70: 2 | R70: Frequentemente | S70: 1 | T70: Frequentemente | U70: 1 | V70: Sempre | W70: 2 | X70: Frequentemente | Y70: 1 | Z70: Nunca / Raramente | AA70: 0 | AB70: Sempre | AC70: 2 | AD70: Sempre | AE70: 2 | AF70: Frequentemente | AG70: 1 | AH70: Nunca / Raramente | AI70: 0 | AJ70: Nunca / Raramente | AK70: 0 | AL70: Frequentemente | AM70: 1 | AN70: Nunca / Raramente | AO70: 0 | AP70: Nunca / Raramente | AQ70: 0 | AR70: Nunca / Raramente | AS70: 0 | AT70: Sempre | AU70: 2 | AV70: =SUM(Q70,S70,U70,W70,Y70,AA70,AC70,AE70,AG70,AI70,AK70,AM70,AO70,AQ70,AS70,AU70) -> 15 | AW70: =IF(Table1[[#This Row],[Pontuação final]]<=2,"Nenhum", IF(Table1[[#This Row],[Pontuação final]]<=12,"Leve", IF(Table1[[#This Row],[Pontuação final]]<=22,"Moderado", "Grave"))) -> Moderado
A71: 71 | B71: Masculino | C71: 28 | D71: 70 | E71: 1.8 | F71: Engenharia de Computação | G71: P3 | H71: Noturno | I71: Trabalho ; | K71: Pouso Alegre | L71: Minas Gerais | M71: Sozinho | O71: Nunca | P71: Frequentemente | Q71: 1 | R71: Frequentemente | S71: 1 | T71: Sempre | U71: 2 | V71: Sempre | W71: 2 | X71: Nunca / Raramente | Y71: 0 | Z71: Nunca / Raramente | AA71: 0 | AB71: Nunca / Raramente | AC71: 0 | AD71: Nunca / Raramente | AE71: 0 | AF71: Nunca / Raramente | AG71: 0 | AH71: Nunca / Raramente | AI71: 0 | AJ71: Nunca / Raramente | AK71: 0 | AL71: Frequentemente | AM71: 1 | AN71: Frequentemente | AO71: 1 | AP71: Nunca / Raramente | AQ71: 0 | AR71: Nunca / Raramente | AS71: 0 | AT71: Frequentemente | AU71: 1 | AV71: =SUM(Q71,S71,U71,W71,Y71,AA71,AC71,AE71,AG71,AI71,AK71,AM71,AO71,AQ71,AS71,AU71) -> 9 | AW71: =IF(Table1[[#This Row],[Pontuação final]]<=2,"Nenhum", IF(Table1[[#This Row],[Pontuação final]]<=12,"Leve", IF(Table1[[#This Row],[Pontuação final]]<=22,"Moderado", "Grave"))) -> Leve
A72: 72 | B72: Masculino | C72: 23 | D72: 85 | E72: 1.8 | F72: Engenharia de Software | G72: P10 | H72: Noturno | I72: Estágio ;Trabalho ; | K72: Pouso Alegre | L72: Minas Gerais | M72: Outros | N72: Esposa | O72: Nunca | P72: Sempre | Q72: 2 | R72: Sempre | S72: 2 | T72: Nunca / Raramente | U72: 0 | V72: Sempre | W72: 2 | X72: Nunca / Raramente | Y72: 0 | Z72: Nunca / Raramente | AA72: 0 | AB72: Nunca / Raramente | AC72: 0 | AD72: Nunca / Raramente | AE72: 0 | AF72: Sempre | AG72: 2 | AH72: Sempre | AI72: 2 | AJ72: Sempre | AK72: 2 | AL72: Nunca / Raramente | AM72: 0 | AN72: Nunca / Raramente | AO72: 0 | AP72: Nunca / Raramente | AQ72: 0 | AR72: Nunca / Raramente | AS72: 0 | AT72: Sempre | AU72: 2 | AV72: =SUM(Q72,S72,U72,W72,Y72,AA72,AC72,AE72,AG72,AI72,AK72,AM72,AO72,AQ72,AS72,AU72) -> 14 | AW72: =IF(Table1[[#This Row],[Pontuação final]]<=2,"Nenhum", IF(Table1[[#This Row],[Pontuação final]]<=12,"Leve", IF(Table1[[#This Row],[Pontuação final]]<=22,"Moderado", "Grave"))) -> Moderado
A73: 73 | B73: Masculino | C73: 21 | D73: 70 | E73: 1.8 | F73: Engenharia de Software | G73: P9 | H73: Noturno | I73: Estágio ;Monitoria ; | K73: Barra Mansa | L73: Rio de Janeiro | M73: Sozinho | O73: Às vezes | P73: Sempre | Q73: 2 | R73: Nunca / Raramente | S73: 0 | T73: Sempre | U73: 2 | V73: Sempre | W73: 2 | X73: Nunca / Raramente | Y73: 0 | Z73: Nunca / Raramente | AA73: 0 | AB73: Nunca / Raramente | AC73: 0 | AD73: Nunca / Raramente | AE73: 0 | AF73: Nunca / Raramente | AG73: 0 | AH73: Sempre | AI73: 2 | AJ73: Sempre | AK73: 2 | AL73: Nunca / Raramente | AM73: 0 | AN73: Nunca / Raramente | AO73: 0 | AP73: Nunca / Raramente | AQ73: 0 | AR73: Nunca / Raramente | AS73: 0 | AT73: Frequentemente | AU73: 1 | AV73: =SUM(Q73,S73,U73,W73,Y73,AA73,AC73,AE73,AG73,AI73,AK73,AM73,AO73,AQ73,AS73,AU73) -> 11 | AW73: =IF(Table1[[#This Row],[Pontuação final]]<=2,"Nenhum", IF(Table1[[#This Row],[Pontuação final]]<=12,"Leve", IF(Table1[[#This Row],[Pontuação final]]<=22,"Moderado", "Grave"))) -> Leve
A74: 74 | B74: Masculino | C74: 46 | D74: 86 | E74: 1.74 | F74: Engenharia de Telecomunicações | G74: P10 | H74: Integral | I74: Monitoria ;Estágio ; | K74: Brasília | L74: Distrito Federal | M74: Familiares | O74: Sempre | P74: Sempre | Q74: 2 | R74: Frequentemente | S74: 1 | T74: Nunca / Raramente | U74: 0 | V74: Sempre | W74: 2 | X74: Nunca / Raramente | Y74: 0 | Z74: Nunca / Raramente | AA74: 0 | AB74: Nunca / Raramente | AC74: 0 | AD74: Nunca / Raramente | AE74: 0 | AF74: Nunca / Raramente | AG74: 0 | AH74: Sempre | AI74: 2 | AJ74: Sempre | AK74: 2 | AL74: Frequentemente | AM74: 1 | AN74: Frequentemente | AO74: 1 | AP74: Nunca / Raramente | AQ74: 0 | AR74: Nunca / Raramente | AS74: 0 | AT74: Frequentemente | AU74: 1 | AV74: =SUM(Q74,S74,U74,W74,Y74,AA74,AC74,AE74,AG74,AI74,AK74,AM74,AO74,AQ74,AS74,AU74) -> 12 | AW74: =IF(Table1[[#This Row],[Pontuação final]]<=2,"Nenhum", IF(Table1[[#This Row],[Pontuação final]]<=12,"Leve", IF(Table1[[#This Row],[Pontuação final]]<=22,"Moderado", "Grave"))) -> Leve
A75: 75 | B75: Masculino | C75: 19 | D75: 90 | E75: 1.78 | F75: Engenharia de Software | G75: P3 | H75: Noturno | I75: Trabalho ; | K75: Santa Rita do Sapucaí | L75: Minas Gerais | M75: Familiares | O75: Às vezes | P75: Sempre | Q75: 2 | R75: Frequentemente | S75: 1 | T75: Frequentemente | U75: 1 | V75: Sempre | W75: 2 | X75: Nunca / Raramente | Y75: 0 | Z75: Nunca / Raramente | AA75: 0 | AB75: Frequentemente | AC75: 1 | AD75: Frequentemente | AE75: 1 | AF75: Frequentemente | AG75: 1 | AH75: Nunca / Raramente | AI75: 0 | AJ75: Frequentemente | AK75: 1 | AL75: Frequentemente | AM75: 1 | AN75: Nunca / Raramente | AO75: 0 | AP75: Frequentemente | AQ75: 1 | AR75: Nunca / Raramente | AS75: 0 | AT75: Sempre | AU75: 2 | AV75: =SUM(Q75,S75,U75,W75,Y75,AA75,AC75,AE75,AG75,AI75,AK75,AM75,AO75,AQ75,AS75,AU75) -> 14 | AW75: =IF(Table1[[#This Row],[Pontuação final]]<=2,"Nenhum", IF(Table1[[#This Row],[Pontuação final]]<=12,"Leve", IF(Table1[[#This Row],[Pontuação final]]<=22,"Moderado", "Grave"))) -> Moderado
A76: 76 | B76: Masculino | C76: 20 | D76: 90 | E76: 1.8 | F76: Engenharia de Computação | G76: P5 | H76: Integral | I76: Outros; | J76: Codetroopers | K76: Dom Viçoso | L76: Minas Gerais | M76: Familiares | O76: Sempre | P76: Frequentemente | Q76: 1 | R76: Sempre | S76: 2 | T76: Nunca / Raramente | U76: 0 | V76: Sempre | W76: 2 | X76: Nunca / Raramente | Y76: 0 | Z76: Nunca / Raramente | AA76: 0 | AB76: Nunca / Raramente | AC76: 0 | AD76: Frequentemente | AE76: 1 | AF76: Frequentemente | AG76: 1 | AH76: Nunca / Raramente | AI76: 0 | AJ76: Nunca / Raramente | AK76: 0 | AL76: Frequentemente | AM76: 1 | AN76: Nunca / Raramente | AO76: 0 | AP76: Nunca / Raramente | AQ76: 0 | AR76: Frequentemente | AS76: 1 | AT76: Frequentemente | AU76: 1 | AV76: =SUM(Q76,S76,U76,W76,Y76,AA76,AC76,AE76,AG76,AI76,AK76,AM76,AO76,AQ76,AS76,AU76) -> 10 | AW76: =IF(Table1[[#This Row],[Pontuação final]]<=2,"Nenhum", IF(Table1[[#This Row],[Pontuação final]]<=12,"Leve", IF(Table1[[#This Row],[Pontuação final]]<=22,"Moderado", "Grave"))) -> Leve
A77: 77 | B77: Masculino | C77: 23 | D77: 85 | E77: 1.74 | F77: Engenharia de Telecomunicações | G77: P7 | H77: Noturno | I77: Monitoria ;Iniciação Científica ; | K77: São Paulo | L77: São Paulo | M77: Sozinho | O77: Nunca | P77: Frequentemente | Q77: 1 | R77: Frequentemente | S77: 1 | T77: Sempre | U77: 2 | V77: Sempre | W77: 2 | X77: Nunca / Raramente | Y77: 0 | Z77: Frequentemente | AA77: 1 | AB77: Frequentemente | AC77: 1 | AD77: Sempre | AE77: 2 | AF77: Nunca / Raramente | AG77: 0 | AH77: Frequentemente | AI77: 1 | AJ77: Frequentemente | AK77: 1 | AL77: Frequentemente | AM77: 1 | AN77: Nunca / Raramente | AO77: 0 | AP77: Nunca / Raramente | AQ77: 0 | AR77: Nunca / Raramente | AS77: 0 | AT77: Frequentemente | AU77: 1 | AV77: =SUM(Q77,S77,U77,W77,Y77,AA77,AC77,AE77,AG77,AI77,AK77,AM77,AO77,AQ77,AS77,AU77) -> 14 | AW77: =IF(Table1[[#This Row],[Pontuação final]]<=2,"Nenhum", IF(Table1[[#This Row],[Pontuação final]]<=12,"Leve", IF(Table1[[#This Row],[Pontuação final]]<=22,"Moderado", "Grave"))) -> Moderado
A78: 78 | B78: Masculino | C78: 19 | D78: 65 | E78: 1.75 | F78: Engenharia de Software | G78: P1 | H78: Integral | I78: Outros; | K78: Senador Amaral | L78: Minas Gerais | M78: Amigos/colegas | O78: Às vezes | P78: Sempre | Q78: 2 | R78: Sempre | S78: 2 | T78: Sempre | U78: 2 | V78: Sempre | W78: 2 | X78: Nunca / Raramente | Y78: 0 | Z78: Nunca / Raramente | AA78: 0 | AB78: Frequentemente | AC78: 1 | AD78: Nunca / Raramente | AE78: 0 | AF78: Frequentemente | AG78: 1 | AH78: Nunca / Raramente | AI78: 0 | AJ78: Frequentemente | AK78: 1 | AL78: Frequentemente | AM78: 1 | AN78: Nunca / Raramente | AO78: 0 | AP78: Nunca / Raramente | AQ78: 0 | AR78: Nunca / Raramente | AS78: 0 | AT78: Frequentemente | AU78: 1 | AV78: =SUM(Q78,S78,U78,W78,Y78,AA78,AC78,AE78,AG78,AI78,AK78,AM78,AO78,AQ78,AS78,AU78) -> 13 | AW78: =IF(Table1[[#This Row],[Pontuação final]]<=2,"Nenhum", IF(Table1[[#This Row],[Pontuação final]]<=12,"Leve", IF(Table1[[#This Row],[Pontuação final]]<=22,"Moderado", "Grave"))) -> Moderado
A79: 79 | B79: Masculino | C79: 25 | D79: 110 | E79: 1.8 | F79: Engenharia de Software | G79: P9 | H79: Noturno | I79: Estágio ;Monitoria ;Outros; | J79: Voluntário | K79: Jacareí | L79: São Paulo | M79: Amigos/colegas | O79: Nunca | P79: Frequentemente | Q79: 1 | R79: Sempre | S79: 2 | T79: Sempre | U79: 2 | V79: Sempre | W79: 2 | X79: Frequentemente | Y79: 1 | Z79: Nunca / Raramente | AA79: 0 | AB79: Frequentemente | AC79: 1 | AD79: Frequentemente | AE79: 1 | AF79: Frequentemente | AG79: 1 | AH79: Sempre | AI79: 2 | AJ79: Sempre | AK79: 2 | AL79: Sempre | AM79: 2 | AN79: Nunca / Raramente | AO79: 0 | AP79: Frequentemente | AQ79: 1 | AR79: Nunca / Raramente | AS79: 0 | AT79: Frequentemente | AU79: 1 | AV79: =SUM(Q79,S79,U79,W79,Y79,AA79,AC79,AE79,AG79,AI79,AK79,AM79,AO79,AQ79,AS79,AU79) -> 19 | AW79: =IF(Table1[[#This Row],[Pontuação final]]<=2,"Nenhum", IF(Table1[[#This Row],[Pontuação final]]<=12,"Leve", IF(Table1[[#This Row],[Pontuação final]]<=22,"Moderado", "Grave"))) -> Moderado
A80: 80 | B80: Masculino | C80: 25 | D80: 79 | E80: 1.75 | F80: Engenharia Elétrica | G80: P9 | H80: Integral | I80: Monitoria ;Estágio ; | K80: São José da Barra | L80: Minas Gerais | M80: Outros | N80: Esposa | O80: Nunca | P80: Frequentemente | Q80: 1 | R80: Sempre | S80: 2 | T80: Sempre | U80: 2 | V80: Sempre | W80: 2 | X80: Frequentemente | Y80: 1 | Z80: Nunca / Raramente | AA80: 0 | AB80: Nunca / Raramente | AC80: 0 | AD80: Nunca / Raramente | AE80: 0 | AF80: Frequentemente | AG80: 1 | AH80: Sempre | AI80: 2 | AJ80: Sempre | AK80: 2 | AL80: Nunca / Raramente | AM80: 0 | AN80: Nunca / Raramente | AO80: 0 | AP80: Nunca / Raramente | AQ80: 0 | AR80: Nunca / Raramente | AS80: 0 | AT80: Frequentemente | AU80: 1 | AV80: =SUM(Q80,S80,U80,W80,Y80,AA80,AC80,AE80,AG80,AI80,AK80,AM80,AO80,AQ80,AS80,AU80) -> 14 | AW80: =IF(Table1[[#This Row],[Pontuação final]]<=2,"Nenhum", IF(Table1[[#This Row],[Pontuação final]]<=12,"Leve", IF(Table1[[#This Row],[Pontuação final]]<=22,"Moderado", "Grave"))) -> Moderado
A81: 81 | B81: Masculino | C81: 20 | D81: 50 | E81: 1.7 | F81: Engenharia de Telecomunicações | G81: P7 | H81: Noturno | I81: Iniciação Científica ; | K81: Santa Rita do Sapucaí | L81: Minas Gerais | M81: Familiares | O81: Nunca | P81: Frequentemente | Q81: 1 | R81: Sempre | S81: 2 | T81: Nunca / Raramente | U81: 0 | V81: Frequentemente | W81: 1 | X81: Nunca / Raramente | Y81: 0 | Z81: Nunca / Raramente | AA81: 0 | AB81: Frequentemente | AC81: 1 | AD81: Nunca / Raramente | AE81: 0 | AF81: Frequentemente | AG81: 1 | AH81: Nunca / Raramente | AI81: 0 | AJ81: Frequentemente | AK81: 1 | AL81: Frequentemente | AM81: 1 | AN81: Nunca / Raramente | AO81: 0 | AP81: Nunca / Raramente | AQ81: 0 | AR81: Nunca / Raramente | AS81: 0 | AT81: Frequentemente | AU81: 1 | AV81: =SUM(Q81,S81,U81,W81,Y81,AA81,AC81,AE81,AG81,AI81,AK81,AM81,AO81,AQ81,AS81,AU81) -> 9 | AW81: =IF(Table1[[#This Row],[Pontuação final]]<=2,"Nenhum", IF(Table1[[#This Row],[Pontuação final]]<=12,"Leve", IF(Table1[[#This Row],[Pontuação final]]<=22,"Moderado", "Grave"))) -> Leve
A82: 82 | B82: Feminino | C82: 21 | D82: 58 | E82: 1.6 | F82: Engenharia Biomédica | G82: P7 | H82: Integral | I82: Monitoria ;Trabalho ; | K82: Santa Rita de Caldas | L82: Minas Gerais | M82: Sozinho | O82: Às vezes | P82: Sempre | Q82: 2 | R82: Nunca / Raramente | S82: 0 | T82: Sempre | U82: 2 | V82: Sempre | W82: 2 | X82: Frequentemente | Y82: 1 | Z82: Nunca / Raramente | AA82: 0 | AB82: Nunca / Raramente | AC82: 0 | AD82: Nunca / Raramente | AE82: 0 | AF82: Sempre | AG82: 2 | AH82: Sempre | AI82: 2 | AJ82: Frequentemente | AK82: 1 | AL82: Sempre | AM82: 2 | AN82: Frequentemente | AO82: 1 | AP82: Frequentemente | AQ82: 1 | AR82: Nunca / Raramente | AS82: 0 | AT82: Sempre | AU82: 2 | AV82: =SUM(Q82,S82,U82,W82,Y82,AA82,AC82,AE82,AG82,AI82,AK82,AM82,AO82,AQ82,AS82,AU82) -> 18 | AW82: =IF(Table1[[#This Row],[Pontuação final]]<=2,"Nenhum", IF(Table1[[#This Row],[Pontuação final]]<=12,"Leve", IF(Table1[[#This Row],[Pontuação final]]<=22,"Moderado", "Grave"))) -> Moderado
A83: 83 | B83: Feminino | C83: 19 | D83: 68 | E83: 1.64 | F83: Engenharia de Telecomunicações | G83: P5 | H83: Noturno | I83: Outros; | K83: Santa Rita do Sapucaí | L83: Minas Gerais | M83: Familiares | O83: Sempre | P83: Sempre | Q83: 2 | R83: Sempre | S83: 2 | T83: Nunca / Raramente | U83: 0 | V83: Sempre | W83: 2 | X83: Frequentemente | Y83: 1 | Z83: Frequentemente | AA83: 1 | AB83: Frequentemente | AC83: 1 | AD83: Frequentemente | AE83: 1 | AF83: Sempre | AG83: 2 | AH83: Sempre | AI83: 2 | AJ83: Sempre | AK83: 2 | AL83: Sempre | AM83: 2 | AN83: Frequentemente | AO83: 1 | AP83: Frequentemente | AQ83: 1 | AR83: Nunca / Raramente | AS83: 0 | AT83: Sempre | AU83: 2 | AV83: =SUM(Q83,S83,U83,W83,Y83,AA83,AC83,AE83,AG83,AI83,AK83,AM83,AO83,AQ83,AS83,AU83) -> 22 | AW83: =IF(Table1[[#This Row],[Pontuação final]]<=2,"Nenhum", IF(Table1[[#This Row],[Pontuação final]]<=12,"Leve", IF(Table1[[#This Row],[Pontuação final]]<=22,"Moderado", "Grave"))) -> Moderado
A84: 84 | B84: Masculino | C84: 19 | D84: 50 | E84: 1.58 | F84: Engenharia de Telecomunicações | G84: P1 | H84: Integral | I84: Outros; | K84: Rio de Janeiro | L84: Rio de Janeiro | M84: Sozinho | O84: Às vezes | P84: Sempre | Q84: 2 | R84: Sempre | S84: 2 | T84: Nunca / Raramente | U84: 0 | V84: Sempre | W84: 2 | X84: Frequentemente | Y84: 1 | Z84: Nunca / Raramente | AA84: 0 | AB84: Nunca / Raramente | AC84: 0 | AD84: Nunca / Raramente | AE84: 0 | AF84: Frequentemente | AG84: 1 | AH84: Sempre | AI84: 2 | AJ84: Sempre | AK84: 2 | AL84: Nunca / Raramente | AM84: 0 | AN84: Frequentemente | AO84: 1 | AP84: Nunca / Raramente | AQ84: 0 | AR84: Frequentemente | AS84: 1 | AT84: Sempre | AU84: 2 | AV84: =SUM(Q84,S84,U84,W84,Y84,AA84,AC84,AE84,AG84,AI84,AK84,AM84,AO84,AQ84,AS84,AU84) -> 16 | AW84: =IF(Table1[[#This Row],[Pontuação final]]<=2,"Nenhum", IF(Table1[[#This Row],[Pontuação final]]<=12,"Leve", IF(Table1[[#This Row],[Pontuação final]]<=22,"Moderado", "Grave"))) -> Moderado
A85: 85 | B85: Masculino | C85: 19 | D85: 68 | E85: 1.75 | F85: Engenharia de Computação | G85: P5 | H85: Integral | I85: Estágio ; | K85: Santa Rita do Sapucaí | L85: Minas Gerais | M85: Familiares | O85: Sempre | P85: Sempre | Q85: 2 | R85: Nunca / Raramente | S85: 0 | T85: Sempre | U85: 2 | V85: Sempre | W85: 2 | X85: Sempre | Y85: 2 | Z85: Nunca / Raramente | AA85: 0 | AB85: Sempre | AC85: 2 | AD85: Nunca / Raramente | AE85: 0 | AF85: Sempre | AG85: 2 | AH85: Sempre | AI85: 2 | AJ85: Sempre | AK85: 2 | AL85: Sempre | AM85: 2 | AN85: Sempre | AO85: 2 | AP85: Sempre | AQ85: 2 | AR85: Nunca / Raramente | AS85: 0 | AT85: Sempre | AU85: 2 | AV85: =SUM(Q85,S85,U85,W85,Y85,AA85,AC85,AE85,AG85,AI85,AK85,AM85,AO85,AQ85,AS85,AU85) -> 24 | AW85: =IF(Table1[[#This Row],[Pontuação final]]<=2,"Nenhum", IF(Table1[[#This Row],[Pontuação final]]<=12,"Leve", IF(Table1[[#This Row],[Pontuação final]]<=22,"Moderado", "Grave"))) -> Grave
A86: 86 | B86: Masculino | C86: 30 | D86: 108 | E86: 1.75 | F86: Engenharia de Controle e Automação | G86: P7 | H86: Noturno | I86: Trabalho ; | K86: Pouso Alegre | L86: Minas Gerais | M86: Sozinho | O86: Às vezes | P86: Sempre | Q86: 2 | R86: Frequentemente | S86: 1 | T86: Nunca / Raramente | U86: 0 | V86: Frequentemente | W86: 1 | X86: Nunca / Raramente | Y86: 0 | Z86: Nunca / Raramente | AA86: 0 | AB86: Nunca / Raramente | AC86: 0 | AD86: Nunca / Raramente | AE86: 0 | AF86: Frequentemente | AG86: 1 | AH86: Sempre | AI86: 2 | AJ86: Sempre | AK86: 2 | AL86: Sempre | AM86: 2 | AN86: Nunca / Raramente | AO86: 0 | AP86: Nunca / Raramente | AQ86: 0 | AR86: Nunca / Raramente | AS86: 0 | AT86: Frequentemente | AU86: 1 | AV86: =SUM(Q86,S86,U86,W86,Y86,AA86,AC86,AE86,AG86,AI86,AK86,AM86,AO86,AQ86,AS86,AU86) -> 12 | AW86: =IF(Table1[[#This Row],[Pontuação final]]<=2,"Nenhum", IF(Table1[[#This Row],[Pontuação final]]<=12,"Leve", IF(Table1[[#This Row],[Pontuação final]]<=22,"Moderado", "Grave"))) -> Leve
A87: 87 | B87: Masculino | C87: 24 | D87: 86 | E87: 1.86 | F87: Engenharia de Software | G87: P10 | H87: Noturno | I87: Trabalho ; | K87: Santa Rita do Sapucaí | L87: Minas Gerais | M87: Familiares | O87: Sempre | P87: Sempre | Q87: 2 | R87: Sempre | S87: 2 | T87: Sempre | U87: 2 | V87: Sempre | W87: 2 | X87: Frequentemente | Y87: 1 | Z87: Nunca / Raramente | AA87: 0 | AB87: Nunca / Raramente | AC87: 0 | AD87: Nunca / Raramente | AE87: 0 | AF87: Frequentemente | AG87: 1 | AH87: Sempre | AI87: 2 | AJ87: Sempre | AK87: 2 | AL87: Sempre | AM87: 2 | AN87: Frequentemente | AO87: 1 | AP87: Nunca / Raramente | AQ87: 0 | AR87: Nunca / Raramente | AS87: 0 | AT87: Sempre | AU87: 2 | AV87: =SUM(Q87,S87,U87,W87,Y87,AA87,AC87,AE87,AG87,AI87,AK87,AM87,AO87,AQ87,AS87,AU87) -> 19 | AW87: =IF(Table1[[#This Row],[Pontuação final]]<=2,"Nenhum", IF(Table1[[#This Row],[Pontuação final]]<=12,"Leve", IF(Table1[[#This Row],[Pontuação final]]<=22,"Moderado", "Grave"))) -> Moderado
A88: 88 | B88: Feminino | C88: 22 | D88: 108 | E88: 1.65 | F88: Engenharia de Telecomunicações | G88: P7 | H88: Noturno | I88: Trabalho ; | K88: Estiva | L88: Minas Gerais | M88: Sozinho | O88: Nunca | P88: Frequentemente | Q88: 1 | R88: Frequentemente | S88: 1 | T88: Frequentemente | U88: 1 | V88: Sempre | W88: 2 | X88: Nunca / Raramente | Y88: 0 | Z88: Nunca / Raramente | AA88: 0 | AB88: Nunca / Raramente | AC88: 0 | AD88: Nunca / Raramente | AE88: 0 | AF88: Frequentemente | AG88: 1 | AH88: Nunca / Raramente | AI88: 0 | AJ88: Nunca / Raramente | AK88: 0 | AL88: Frequentemente | AM88: 1 | AN88: Nunca / Raramente | AO88: 0 | AP88: Nunca / Raramente | AQ88: 0 | AR88: Nunca / Raramente | AS88: 0 | AT88: Frequentemente | AU88: 1 | AV88: =SUM(Q88,S88,U88,W88,Y88,AA88,AC88,AE88,AG88,AI88,AK88,AM88,AO88,AQ88,AS88,AU88) -> 8 | AW88: =IF(Table1[[#This Row],[Pontuação final]]<=2,"Nenhum", IF(Table1[[#This Row],[Pontuação final]]<=12,"Leve", IF(Table1[[#This Row],[Pontuação final]]<=22,"Moderado", "Grave"))) -> Leve
A89: 89 | B89: Masculino | C89: 23 | D89: 76 | E89: 1.78 | F89: Engenharia de Software | G89: P9 | H89: Noturno | I89: Estágio ; | K89: Santa Rita de Caldas | L89: Minas Gerais | M89: Amigos/colegas | O89: Nunca | P89: Sempre | Q89: 2 | R89: Nunca / Raramente | S89: 0 | T89: Sempre | U89: 2 | V89: Sempre | W89: 2 | X89: Frequentemente | Y89: 1 | Z89: Sempre | AA89: 2 | AB89: Frequentemente | AC89: 1 | AD89: Nunca / Raramente | AE89: 0 | AF89: Frequentemente | AG89: 1 | AH89: Sempre | AI89: 2 | AJ89: Sempre | AK89: 2 | AL89: Sempre | AM89: 2 | AN89: Frequentemente | AO89: 1 | AP89: Frequentemente | AQ89: 1 | AR89: Nunca / Raramente | AS89: 0 | AT89: Sempre | AU89: 2 | AV89: =SUM(Q89,S89,U89,W89,Y89,AA89,AC89,AE89,AG89,AI89,AK89,AM89,AO89,AQ89,AS89,AU89) -> 21 | AW89: =IF(Table1[[#This Row],[Pontuação final]]<=2,"Nenhum", IF(Table1[[#This Row],[Pontuação final]]<=12,"Leve", IF(Table1[[#This Row],[Pontuação final]]<=22,"Moderado", "Grave"))) -> Moderado
A90: 90 | B90: Feminino | C90: 21 | D90: 60 | E90: 1.83 | F90: Engenharia de Software | G90: P6 | H90: Noturno | I90: Iniciação Científica ; | K90: Santa Rita do Sapucaí | L90: Minas Gerais | M90: Amigos/colegas | O90: Sempre | P90: Sempre | Q90: 2 | R90: Sempre | S90: 2 | T90: Sempre | U90: 2 | V90: Sempre | W90: 2 | X90: Frequentemente | Y90: 1 | Z90: Nunca / Raramente | AA90: 0 | AB90: Frequentemente | AC90: 1 | AD90: Nunca / Raramente | AE90: 0 | AF90: Frequentemente | AG90: 1 | AH90: Nunca / Raramente | AI90: 0 | AJ90: Frequentemente | AK90: 1 | AL90: Sempre | AM90: 2 | AN90: Nunca / Raramente | AO90: 0 | AP90: Frequentemente | AQ90: 1 | AR90: Nunca / Raramente | AS90: 0 | AT90: Sempre | AU90: 2 | AV90: =SUM(Q90,S90,U90,W90,Y90,AA90,AC90,AE90,AG90,AI90,AK90,AM90,AO90,AQ90,AS90,AU90) -> 17 | AW90: =IF(Table1[[#This Row],[Pontuação final]]<=2,"Nenhum", IF(Table1[[#This Row],[Pontuação final]]<=12,"Leve", IF(Table1[[#This Row],[Pontuação final]]<=22,"Moderado", "Grave"))) -> Moderado
A91: 91 | B91: Feminino | C91: 20 | D91: 71 | E91: 1.63 | F91: Engenharia de Software | G91: P2 | H91: Noturno | I91: Outros; | K91: Santa Rita do Sapucaí | L91: Minas Gerais | M91: Familiares | O91: Às vezes | P91: Sempre | Q91: 2 | R91: Nunca / Raramente | S91: 0 | T91: Nunca / Raramente | U91: 0 | V91: Sempre | W91: 2 | X91: Nunca / Raramente | Y91: 0 | Z91: Nunca / Raramente | AA91: 0 | AB91: Nunca / Raramente | AC91: 0 | AD91: Frequentemente | AE91: 1 | AF91: Frequentemente | AG91: 1 | AH91: Sempre | AI91: 2 | AJ91: Nunca / Raramente | AK91: 0 | AL91: Frequentemente | AM91: 1 | AN91: Nunca / Raramente | AO91: 0 | AP91: Nunca / Raramente | AQ91: 0 | AR91: Nunca / Raramente | AS91: 0 | AT91: Frequentemente | AU91: 1 | AV91: =SUM(Q91,S91,U91,W91,Y91,AA91,AC91,AE91,AG91,AI91,AK91,AM91,AO91,AQ91,AS91,AU91) -> 10 | AW91: =IF(Table1[[#This Row],[Pontuação final]]<=2,"Nenhum", IF(Table1[[#This Row],[Pontuação final]]<=12,"Leve", IF(Table1[[#This Row],[Pontuação final]]<=22,"Moderado", "Grave"))) -> Leve
A92: 92 | B92: Masculino | C92: 20 | D92: 80 | E92: 1.75 | F92: Engenharia de Controle e Automação | G92: P4 | H92: Integral | I92: Iniciação Científica ;Monitoria ;Outros; | J92: Curso de inglês | K92: Santa Rita do Sapucaí | L92: Minas Gerais | M92: Amigos/colegas | O92: Sempre | P92: Sempre | Q92: 2 | R92: Sempre | S92: 2 | T92: Sempre | U92: 2 | V92: Sempre | W92: 2 | X92: Frequentemente | Y92: 1 | Z92: Frequentemente | AA92: 1 | AB92: Sempre | AC92: 2 | AD92: Sempre | AE92: 2 | AF92: Frequentemente | AG92: 1 | AH92: Frequentemente | AI92: 1 | AJ92: Nunca / Raramente | AK92: 0 | AL92: Sempre | AM92: 2 | AN92: Frequentemente | AO92: 1 | AP92: Nunca / Raramente | AQ92: 0 | AR92: Nunca / Raramente | AS92: 0 | AT92: Sempre | AU92: 2 | AV92: =SUM(Q92,S92,U92,W92,Y92,AA92,AC92,AE92,AG92,AI92,AK92,AM92,AO92,AQ92,AS92,AU92) -> 21 | AW92: =IF(Table1[[#This Row],[Pontuação final]]<=2,"Nenhum", IF(Table1[[#This Row],[Pontuação final]]<=12,"Leve", IF(Table1[[#This Row],[Pontuação final]]<=22,"Moderado", "Grave"))) -> Moderado
A93: 93 | B93: Masculino | C93: 20 | D93: 70 | E93: 1.72 | F93: Engenharia de Computação | G93: P3 | H93: Noturno | I93: Estágio ; | K93: Natércia | L93: Minas Gerais | M93: Amigos/colegas | O93: Às vezes | P93: Sempre | Q93: 2 | R93: Sempre | S93: 2 | T93: Nunca / Raramente | U93: 0 | V93: Frequentemente | W93: 1 | X93: Nunca / Raramente | Y93: 0 | Z93: Sempre | AA93: 2 | AB93: Nunca / Raramente | AC93: 0 | AD93: Frequentemente | AE93: 1 | AF93: Frequentemente | AG93: 1 | AH93: Frequentemente | AI93: 1 | AJ93: Nunca / Raramente | AK93: 0 | AL93: Frequentemente | AM93: 1 | AN93: Nunca / Raramente | AO93: 0 | AP93: Sempre | AQ93: 2 | AR93: Nunca / Raramente | AS93: 0 | AT93: Sempre | AU93: 2 | AV93: =SUM(Q93,S93,U93,W93,Y93,AA93,AC93,AE93,AG93,AI93,AK93,AM93,AO93,AQ93,AS93,AU93) -> 15 | AW93: =IF(Table1[[#This Row],[Pontuação final]]<=2,"Nenhum", IF(Table1[[#This Row],[Pontuação final]]<=12,"Leve", IF(Table1[[#This Row],[Pontuação final]]<=22,"Moderado", "Grave"))) -> Moderado
A94: 94 | B94: Masculino | C94: 19 | D94: 55 | E94: 1.75 | F94: Engenharia de Computação | G94: P3 | H94: Integral | I94: Outros; | K94: Caxambu | L94: Minas Gerais | M94: Familiares | O94: Às vezes | P94: Frequentemente | Q94: 1 | R94: Sempre | S94: 2 | T94: Nunca / Raramente | U94: 0 | V94: Sempre | W94: 2 | X94: Nunca / Raramente | Y94: 0 | Z94: Frequentemente | AA94: 1 | AB94: Nunca / Raramente | AC94: 0 | AD94: Nunca / Raramente | AE94: 0 | AF94: Nunca / Raramente | AG94: 0 | AH94: Nunca / Raramente | AI94: 0 | AJ94: Nunca / Raramente | AK94: 0 | AL94: Nunca / Raramente | AM94: 0 | AN94: Nunca / Raramente | AO94: 0 | AP94: Nunca / Raramente | AQ94: 0 | AR94: Nunca / Raramente | AS94: 0 | AT94: Frequentemente | AU94: 1 | AV94: =SUM(Q94,S94,U94,W94,Y94,AA94,AC94,AE94,AG94,AI94,AK94,AM94,AO94,AQ94,AS94,AU94) -> 7 | AW94: =IF(Table1[[#This Row],[Pontuação final]]<=2,"Nenhum", IF(Table1[[#This Row],[Pontuação final]]<=12,"Leve", IF(Table1[[#This Row],[Pontuação final]]<=22,"Moderado", "Grave"))) -> Leve
A95: 95 | B95: Masculino | C95: 19 | D95: 70 | E95: 1.7 | F95: Engenharia de Computação | G95: P2 | H95: Integral | I95: Outros; | K95: Taubaté | L95: São Paulo | M95: Familiares | O95: Nunca | P95: Sempre | Q95: 2 | R95: Sempre | S95: 2 | T95: Nunca / Raramente | U95: 0 | V95: Frequentemente | W95: 1 | X95: Nunca / Raramente | Y95: 0 | Z95: Frequentemente | AA95: 1 | AB95: Nunca / Raramente | AC95: 0 | AD95: Frequentemente | AE95: 1 | AF95: Sempre | AG95: 2 | AH95: Nunca / Raramente | AI95: 0 | AJ95: Nunca / Raramente | AK95: 0 | AL95: Sempre | AM95: 2 | AN95: Frequentemente | AO95: 1 | AP95: Nunca / Raramente | AQ95: 0 | AR95: Nunca / Raramente | AS95: 0 | AT95: Sempre | AU95: 2 | AV95: =SUM(Q95,S95,U95,W95,Y95,AA95,AC95,AE95,AG95,AI95,AK95,AM95,AO95,AQ95,AS95,AU95) -> 14 | AW95: =IF(Table1[[#This Row],[Pontuação final]]<=2,"Nenhum", IF(Table1[[#This Row],[Pontuação final]]<=12,"Leve", IF(Table1[[#This Row],[Pontuação final]]<=22,"Moderado", "Grave"))) -> Moderado
A96: 96 | B96: Masculino | C96: 20 | D96: 69 | E96: 1.65 | F96: Engenharia de Software | G96: P5 | H96: Integral | I96: Iniciação Científica ; | K96: Santa Rita do Sapucaí | L96: Minas Gerais | M96: Sozinho | O96: Às vezes | P96: Sempre | Q96: 2 | R96: Sempre | S96: 2 | T96: Sempre | U96: 2 | V96: Sempre | W96: 2 | X96: Nunca / Raramente | Y96: 0 | Z96: Nunca / Raramente | AA96: 0 | AB96: Nunca / Raramente | AC96: 0 | AD96: Nunca / Raramente | AE96: 0 | AF96: Frequentemente | AG96: 1 | AH96: Sempre | AI96: 2 | AJ96: Sempre | AK96: 2 | AL96: Frequentemente | AM96: 1 | AN96: Frequentemente | AO96: 1 | AP96: Nunca / Raramente | AQ96: 0 | AR96: Nunca / Raramente | AS96: 0 | AT96: Sempre | AU96: 2 | AV96: =SUM(Q96,S96,U96,W96,Y96,AA96,AC96,AE96,AG96,AI96,AK96,AM96,AO96,AQ96,AS96,AU96) -> 17 | AW96: =IF(Table1[[#This Row],[Pontuação final]]<=2,"Nenhum", IF(Table1[[#This Row],[Pontuação final]]<=12,"Leve", IF(Table1[[#This Row],[Pontuação final]]<=22,"Moderado", "Grave"))) -> Moderado
A97: 97 | B97: Masculino | C97: 25 | D97: 80 | E97: 1.7 | F97: Engenharia de Computação | G97: P3 | H97: Integral | I97: Iniciação Científica ; | K97: Itajubá | L97: Minas Gerais | M97: Familiares | O97: Sempre | P97: Sempre | Q97: 2 | R97: Frequentemente | S97: 1 | T97: Frequentemente | U97: 1 | V97: Sempre | W97: 2 | X97: Nunca / Raramente | Y97: 0 | Z97: Nunca / Raramente | AA97: 0 | AB97: Nunca / Raramente | AC97: 0 | AD97: Frequentemente | AE97: 1 | AF97: Frequentemente | AG97: 1 | AH97: Frequentemente | AI97: 1 | AJ97: Nunca / Raramente | AK97: 0 | AL97: Frequentemente | AM97: 1 | AN97: Frequentemente | AO97: 1 | AP97: Nunca / Raramente | AQ97: 0 | AR97: Nunca / Raramente | AS97: 0 | AT97: Frequentemente | AU97: 1 | AV97: =SUM(Q97,S97,U97,W97,Y97,AA97,AC97,AE97,AG97,AI97,AK97,AM97,AO97,AQ97,AS97,AU97) -> 12 | AW97: =IF(Table1[[#This Row],[Pontuação final]]<=2,"Nenhum", IF(Table1[[#This Row],[Pontuação final]]<=12,"Leve", IF(Table1[[#This Row],[Pontuação final]]<=22,"Moderado", "Grave"))) -> Leve
A98: 98 | B98: Masculino | C98: 20 | D98: 70 | E98: 1.78 | F98: Engenharia de Telecomunicações | G98: P5 | H98: Noturno | I98: Estágio ; | K98: Natércia | L98: Minas Gerais | M98: Outros | N98: Aqui em Santa Rita moro em pensão | O98: Às vezes | P98: Sempre | Q98: 2 | R98: Sempre | S98: 2 | T98: Sempre | U98: 2 | V98: Frequentemente | W98: 1 | X98: Nunca / Raramente | Y98: 0 | Z98: Nunca / Raramente | AA98: 0 | AB98: Nunca / Raramente | AC98: 0 | AD98: Sempre | AE98: 2 | AF98: Nunca / Raramente | AG98: 0 | AH98: Frequentemente | AI98: 1 | AJ98: Nunca / Raramente | AK98: 0 | AL98: Frequentemente | AM98: 1 | AN98: Nunca / Raramente | AO98: 0 | AP98: Nunca / Raramente | AQ98: 0 | AR98: Nunca / Raramente | AS98: 0 | AT98: Frequentemente | AU98: 1 | AV98: =SUM(Q98,S98,U98,W98,Y98,AA98,AC98,AE98,AG98,AI98,AK98,AM98,AO98,AQ98,AS98,AU98) -> 12 | AW98: =IF(Table1[[#This Row],[Pontuação final]]<=2,"Nenhum", IF(Table1[[#This Row],[Pontuação final]]<=12,"Leve", IF(Table1[[#This Row],[Pontuação final]]<=22,"Moderado", "Grave"))) -> Leve
A99: 99 | B99: Masculino | C99: 17 | D99: 60 | E99: 1.69 | F99: Engenharia de Computação | G99: P1 | H99: Integral | I99: Outros; | K99: Campanha | L99: Minas Gerais | M99: Sozinho | O99: Sempre | P99: Sempre | Q99: 2 | R99: Frequentemente | S99: 1 | T99: Frequentemente | U99: 1 | V99: Sempre | W99: 2 | X99: Frequentemente | Y99: 1 | Z99: Nunca / Raramente | AA99: 0 | AB99: Frequentemente | AC99: 1 | AD99: Sempre | AE99: 2 | AF99: Frequentemente | AG99: 1 | AH99: Frequentemente | AI99: 1 | AJ99: Sempre | AK99: 2 | AL99: Sempre | AM99: 2 | AN99: Nunca / Raramente | AO99: 0 | AP99: Nunca / Raramente | AQ99: 0 | AR99: Nunca / Raramente | AS99: 0 | AT99: Sempre | AU99: 2 | AV99: =SUM(Q99,S99,U99,W99,Y99,AA99,AC99,AE99,AG99,AI99,AK99,AM99,AO99,AQ99,AS99,AU99) -> 18 | AW99: =IF(Table1[[#This Row],[Pontuação final]]<=2,"Nenhum", IF(Table1[[#This Row],[Pontuação final]]<=12,"Leve", IF(Table1[[#This Row],[Pontuação final]]<=22,"Moderado", "Grave"))) -> Moderado
A100: 100 | B100: Masculino | C100: 20 | D100: 90 | E100: 1.85 | F100: Engenharia de Software | G100: P5 | H100: Noturno | I100: Estágio ;Outros; | J100: Jovem talento. curso de ingles. cursos de programação | K100: Monte Sião | L100: Minas Gerais | M100: Outros | N100: moro em pensão | O100: Às vezes | P100: Sempre | Q100: 2 | R100: Sempre | S100: 2 | T100: Sempre | U100: 2 | V100: Sempre | W100: 2 | X100: Sempre | Y100: 2 | Z100: Frequentemente | AA100: 1 | AB100: Sempre | AC100: 2 | AD100: Sempre | AE100: 2 | AF100: Sempre | AG100: 2 | AH100: Sempre | AI100: 2 | AJ100: Sempre | AK100: 2 | AL100: Sempre | AM100: 2 | AN100: Frequentemente | AO100: 1 | AP100: Nunca / Raramente | AQ100: 0 | AR100: Nunca / Raramente | AS100: 0 | AT100: Sempre | AU100: 2 | AV100: =SUM(Q100,S100,U100,W100,Y100,AA100,AC100,AE100,AG100,AI100,AK100,AM100,AO100,AQ100,AS100,AU100) -> 26 | AW100: =IF(Table1[[#This Row],[Pontuação final]]<=2,"Nenhum", IF(Table1[[#This Row],[Pontuação final]]<=12,"Leve", IF(Table1[[#This Row],[Pontuação final]]<=22,"Moderado", "Grave"))) -> Grave
...

Sheet Mayara
B2: Tabela 1 - Análise da dependência em Smartfone de 224 alunos de uma faculdade de tecnologia do Sul de Minas Gerais no segundo semestre de 2022
B3: Curso | C3: fa | D3: fr
B4: Engenharia Biomédica | C4: =COUNTIF(Table1[Curso:],Mayara!B4) -> 19 | D4: =$C4/$C$11 -> 0.084821429
B5: Engenharia de Computação | C5: =COUNTIF(Table1[Curso:],Mayara!B5) -> 57 | D5: =$C5/$C$11 -> 0.25446429
B6: Engenharia de Controle e Automação | C6: =COUNTIF(Table1[Curso:],Mayara!B6) -> 15 | D6: =$C6/$C$11 -> 0.066964286
B7: Engenharia de Produção | C7: =COUNTIF(Table1[Curso:],Mayara!B7) -> 7 | D7: =$C7/$C$11 -> 0.03125
B8: Engenharia de Software | C8: =COUNTIF(Table1[Curso:],Mayara!B8) -> 88 | D8: =$C8/$C$11 -> 0.39285714
B9: Engenharia de Telecomunicações | C9: =COUNTIF(Table1[Curso:],Mayara!B9) -> 28 | D9: =$C9/$C$11 -> 0.125
B10: Engenharia Elétrica | C10: =COUNTIF(Table1[Curso:],Mayara!B10) -> 10 | D10: =$C10/$C$11 -> 0.044642857
B11: Total | C11: =SUM(C4:C10) -> 224 | D11: =SUM(D4:D10) -> 1
